Entity,Code,Year,Yearly burned area across all land types
Afghanistan,AFG,2002,32220.266
Afghanistan,AFG,2003,133667.97
Afghanistan,AFG,2004,28935.992
Afghanistan,AFG,2005,12299.942
Afghanistan,AFG,2006,14188.941
Afghanistan,AFG,2007,10368.018
Afghanistan,AFG,2008,61499.707
Afghanistan,AFG,2009,8886.871
Afghanistan,AFG,2010,71502.805
Afghanistan,AFG,2011,15841.811
Afghanistan,AFG,2012,5559.661
Afghanistan,AFG,2013,6954.941
Afghanistan,AFG,2014,1180.623
Afghanistan,AFG,2015,1974.86
Afghanistan,AFG,2016,4035.585
Afghanistan,AFG,2017,880.101
Afghanistan,AFG,2018,1395.282
Afghanistan,AFG,2019,14274.8
Afghanistan,AFG,2020,32799.848
Afghanistan,AFG,2021,8886.871
Afghanistan,AFG,2022,1373.817
Afghanistan,AFG,2023,3949.7192
Afghanistan,AFG,2024,1373.815
Afghanistan,AFG,2025,4250.242
Africa,OWID_AFR,2002,281475680
Africa,OWID_AFR,2003,305343550
Africa,OWID_AFR,2004,294271170
Africa,OWID_AFR,2005,328330370
Africa,OWID_AFR,2006,283638820
Africa,OWID_AFR,2007,300076030
Africa,OWID_AFR,2008,297653400
Africa,OWID_AFR,2009,268226530
Africa,OWID_AFR,2010,286857600
Africa,OWID_AFR,2011,296716450
Africa,OWID_AFR,2012,273794900
Africa,OWID_AFR,2013,267405230
Africa,OWID_AFR,2014,247334980
Africa,OWID_AFR,2015,256735220
Africa,OWID_AFR,2016,271644160
Africa,OWID_AFR,2017,246654270
Africa,OWID_AFR,2018,238344110
Africa,OWID_AFR,2019,220970320
Africa,OWID_AFR,2020,244645070
Africa,OWID_AFR,2021,248320270
Africa,OWID_AFR,2022,240284180
Africa,OWID_AFR,2023,234625380
Africa,OWID_AFR,2024,240613170
Africa,OWID_AFR,2025,225525250
Akrotiri and Dhekelia,OWID_AKD,2002,0
Akrotiri and Dhekelia,OWID_AKD,2003,0
Akrotiri and Dhekelia,OWID_AKD,2004,0
Akrotiri and Dhekelia,OWID_AKD,2005,0
Akrotiri and Dhekelia,OWID_AKD,2006,0
Akrotiri and Dhekelia,OWID_AKD,2007,0
Akrotiri and Dhekelia,OWID_AKD,2008,0
Akrotiri and Dhekelia,OWID_AKD,2009,0
Akrotiri and Dhekelia,OWID_AKD,2010,0
Akrotiri and Dhekelia,OWID_AKD,2011,0
Akrotiri and Dhekelia,OWID_AKD,2012,0
Akrotiri and Dhekelia,OWID_AKD,2013,0
Akrotiri and Dhekelia,OWID_AKD,2014,0
Akrotiri and Dhekelia,OWID_AKD,2015,0
Akrotiri and Dhekelia,OWID_AKD,2016,0
Akrotiri and Dhekelia,OWID_AKD,2017,0
Akrotiri and Dhekelia,OWID_AKD,2018,0
Akrotiri and Dhekelia,OWID_AKD,2019,0
Akrotiri and Dhekelia,OWID_AKD,2020,0
Akrotiri and Dhekelia,OWID_AKD,2021,0
Akrotiri and Dhekelia,OWID_AKD,2022,0
Akrotiri and Dhekelia,OWID_AKD,2023,0
Akrotiri and Dhekelia,OWID_AKD,2024,0
Akrotiri and Dhekelia,OWID_AKD,2025,0
Aland Islands,ALA,2002,0
Aland Islands,ALA,2003,0
Aland Islands,ALA,2004,0
Aland Islands,ALA,2005,0
Aland Islands,ALA,2006,0
Aland Islands,ALA,2007,0
Aland Islands,ALA,2008,0
Aland Islands,ALA,2009,0
Aland Islands,ALA,2010,0
Aland Islands,ALA,2011,0
Aland Islands,ALA,2012,0
Aland Islands,ALA,2013,0
Aland Islands,ALA,2014,0
Aland Islands,ALA,2015,0
Aland Islands,ALA,2016,0
Aland Islands,ALA,2017,0
Aland Islands,ALA,2018,21.466
Aland Islands,ALA,2019,0
Aland Islands,ALA,2020,0
Aland Islands,ALA,2021,0
Aland Islands,ALA,2022,0
Aland Islands,ALA,2023,0
Aland Islands,ALA,2024,0
Aland Islands,ALA,2025,0
Albania,ALB,2002,0
Albania,ALB,2003,15627.152
Albania,ALB,2004,1481.145
Albania,ALB,2005,8865.402
Albania,ALB,2006,1395.282
Albania,ALB,2007,112631.414
Albania,ALB,2008,14489.46
Albania,ALB,2009,6418.295
Albania,ALB,2010,9745.504
Albania,ALB,2011,41407.664
Albania,ALB,2012,43425.45
Albania,ALB,2013,965.964
Albania,ALB,2014,321.988
Albania,ALB,2015,4185.8457
Albania,ALB,2016,2919.358
Albania,ALB,2017,26660.607
Albania,ALB,2018,3992.653
Albania,ALB,2019,3584.799
Albania,ALB,2020,6031.909
Albania,ALB,2021,18589.445
Albania,ALB,2022,6740.286
Albania,ALB,2023,2189.519
Albania,ALB,2024,28721.332
Albania,ALB,2025,44992.457
Algeria,DZA,2002,37694.07
Algeria,DZA,2003,90714.76
Algeria,DZA,2004,109175.4
Algeria,DZA,2005,111601.05
Algeria,DZA,2006,49757.887
Algeria,DZA,2007,196283.9
Algeria,DZA,2008,97991.695
Algeria,DZA,2009,129095.734
Algeria,DZA,2010,80797.54
Algeria,DZA,2011,63066.727
Algeria,DZA,2012,280000.78
Algeria,DZA,2013,31533.365
Algeria,DZA,2014,113447.12
Algeria,DZA,2015,46645.336
Algeria,DZA,2016,44348.492
Algeria,DZA,2017,124738.164
Algeria,DZA,2018,5473.798
Algeria,DZA,2019,70601.25
Algeria,DZA,2020,114713.61
Algeria,DZA,2021,144164.77
Algeria,DZA,2022,52526.984
Algeria,DZA,2023,60319.09
Algeria,DZA,2024,4228.777
Algeria,DZA,2025,11613.036
American Samoa,ASM,2002,0
American Samoa,ASM,2003,0
American Samoa,ASM,2004,0
American Samoa,ASM,2005,0
American Samoa,ASM,2006,0
American Samoa,ASM,2007,0
American Samoa,ASM,2008,0
American Samoa,ASM,2009,0
American Samoa,ASM,2010,0
American Samoa,ASM,2011,0
American Samoa,ASM,2012,0
American Samoa,ASM,2013,0
American Samoa,ASM,2014,0
American Samoa,ASM,2015,0
American Samoa,ASM,2016,0
American Samoa,ASM,2017,0
American Samoa,ASM,2018,0
American Samoa,ASM,2019,0
American Samoa,ASM,2020,0
American Samoa,ASM,2021,0
American Samoa,ASM,2022,0
American Samoa,ASM,2023,0
American Samoa,ASM,2024,0
American Samoa,ASM,2025,0
Andorra,AND,2002,0
Andorra,AND,2003,0
Andorra,AND,2004,0
Andorra,AND,2005,0
Andorra,AND,2006,0
Andorra,AND,2007,0
Andorra,AND,2008,0
Andorra,AND,2009,0
Andorra,AND,2010,0
Andorra,AND,2011,0
Andorra,AND,2012,0
Andorra,AND,2013,0
Andorra,AND,2014,0
Andorra,AND,2015,0
Andorra,AND,2016,0
Andorra,AND,2017,0
Andorra,AND,2018,0
Andorra,AND,2019,0
Andorra,AND,2020,0
Andorra,AND,2021,0
Andorra,AND,2022,0
Andorra,AND,2023,0
Andorra,AND,2024,0
Andorra,AND,2025,0
Angola,AGO,2002,35153170
Angola,AGO,2003,41132940
Angola,AGO,2004,41219080
Angola,AGO,2005,40519228
Angola,AGO,2006,36232304
Angola,AGO,2007,39203800
Angola,AGO,2008,36649404
Angola,AGO,2009,36465268
Angola,AGO,2010,38623428
Angola,AGO,2011,39672700
Angola,AGO,2012,37129296
Angola,AGO,2013,37771640
Angola,AGO,2014,35341340
Angola,AGO,2015,36959244
Angola,AGO,2016,36643350
Angola,AGO,2017,37780030
Angola,AGO,2018,31783050
Angola,AGO,2019,37251070
Angola,AGO,2020,33826236
Angola,AGO,2021,34489336
Angola,AGO,2022,33837828
Angola,AGO,2023,35726010
Angola,AGO,2024,37843060
Angola,AGO,2025,34832920
Antigua and Barbuda,ATG,2002,0
Antigua and Barbuda,ATG,2003,0
Antigua and Barbuda,ATG,2004,0
Antigua and Barbuda,ATG,2005,0
Antigua and Barbuda,ATG,2006,0
Antigua and Barbuda,ATG,2007,0
Antigua and Barbuda,ATG,2008,0
Antigua and Barbuda,ATG,2009,0
Antigua and Barbuda,ATG,2010,0
Antigua and Barbuda,ATG,2011,0
Antigua and Barbuda,ATG,2012,0
Antigua and Barbuda,ATG,2013,0
Antigua and Barbuda,ATG,2014,0
Antigua and Barbuda,ATG,2015,0
Antigua and Barbuda,ATG,2016,0
Antigua and Barbuda,ATG,2017,0
Antigua and Barbuda,ATG,2018,0
Antigua and Barbuda,ATG,2019,0
Antigua and Barbuda,ATG,2020,0
Antigua and Barbuda,ATG,2021,0
Antigua and Barbuda,ATG,2022,0
Antigua and Barbuda,ATG,2023,0
Antigua and Barbuda,ATG,2024,0
Antigua and Barbuda,ATG,2025,0
Argentina,ARG,2002,5058796.5
Argentina,ARG,2003,6651800
Argentina,ARG,2004,4785493
Argentina,ARG,2005,3502478.2
Argentina,ARG,2006,3701896.2
Argentina,ARG,2007,3755582.2
Argentina,ARG,2008,4959731.5
Argentina,ARG,2009,3288785.5
Argentina,ARG,2010,2581098.8
Argentina,ARG,2011,3318387
Argentina,ARG,2012,2932946
Argentina,ARG,2013,2850774.5
Argentina,ARG,2014,2251812.2
Argentina,ARG,2015,2340745.5
Argentina,ARG,2016,3363572.5
Argentina,ARG,2017,5240247.5
Argentina,ARG,2018,3320340.5
Argentina,ARG,2019,2207721.5
Argentina,ARG,2020,5896824
Argentina,ARG,2021,2455652.2
Argentina,ARG,2022,4463076
Argentina,ARG,2023,2100134.8
Argentina,ARG,2024,1877812.6
Argentina,ARG,2025,2086246.1
Armenia,ARM,2002,6139.238
Armenia,ARM,2003,2640.3032
Armenia,ARM,2004,14661.187
Armenia,ARM,2005,12579
Armenia,ARM,2006,25372.652
Armenia,ARM,2007,1245.021
Armenia,ARM,2008,12493.137
Armenia,ARM,2009,1395.282
Armenia,ARM,2010,78092.82
Armenia,ARM,2011,6096.305
Armenia,ARM,2012,4550.763
Armenia,ARM,2013,14339.2
Armenia,ARM,2014,5860.183
Armenia,ARM,2015,10410.948
Armenia,ARM,2016,10024.562
Armenia,ARM,2017,26381.555
Armenia,ARM,2018,16292.593
Armenia,ARM,2019,17580.545
Armenia,ARM,2020,3219.88
Armenia,ARM,2021,10840.266
Armenia,ARM,2022,26295.693
Armenia,ARM,2023,2447.108
Armenia,ARM,2024,1373.817
Armenia,ARM,2025,26016.635
Asia,OWID_ASI,2002,38559440
Asia,OWID_ASI,2003,30640058
Asia,OWID_ASI,2004,40455496
Asia,OWID_ASI,2005,32949784
Asia,OWID_ASI,2006,35771668
Asia,OWID_ASI,2007,32971036
Asia,OWID_ASI,2008,26757398
Asia,OWID_ASI,2009,29050466
Asia,OWID_ASI,2010,36014812
Asia,OWID_ASI,2011,22536006
Asia,OWID_ASI,2012,31208646
Asia,OWID_ASI,2013,21447020
Asia,OWID_ASI,2014,30760330
Asia,OWID_ASI,2015,33150232
Asia,OWID_ASI,2016,21911820
Asia,OWID_ASI,2017,33797384
Asia,OWID_ASI,2018,20232932
Asia,OWID_ASI,2019,30918856
Asia,OWID_ASI,2020,24181900
Asia,OWID_ASI,2021,24554892
Asia,OWID_ASI,2022,16182109
Asia,OWID_ASI,2023,21271386
Asia,OWID_ASI,2024,19021270
Asia,OWID_ASI,2025,20723642
Australia,AUS,2002,77040100
Australia,AUS,2003,31655758
Australia,AUS,2004,63991468
Australia,AUS,2005,27970776
Australia,AUS,2006,57605156
Australia,AUS,2007,51589050
Australia,AUS,2008,31633004
Australia,AUS,2009,40790964
Australia,AUS,2010,18471250
Australia,AUS,2011,87978100
Australia,AUS,2012,90050620
Australia,AUS,2013,28434868
Australia,AUS,2014,46861640
Australia,AUS,2015,42215804
Australia,AUS,2016,24290712
Australia,AUS,2017,49208524
Australia,AUS,2018,52223020
Australia,AUS,2019,36150216
Australia,AUS,2020,16915876
Australia,AUS,2021,26610250
Australia,AUS,2022,28176806
Australia,AUS,2023,72487224
Australia,AUS,2024,35172576
Australia,AUS,2025,50562030
Austria,AUT,2002,1159.157
Austria,AUT,2003,1953.395
Austria,AUT,2004,4808.354
Austria,AUT,2005,4593.695
Austria,AUT,2006,214.659
Austria,AUT,2007,42.932
Austria,AUT,2008,3498.937
Austria,AUT,2009,837.169
Austria,AUT,2010,0
Austria,AUT,2011,3091.086
Austria,AUT,2012,64.397995
Austria,AUT,2013,171.72699
Austria,AUT,2014,965.966
Austria,AUT,2015,0
Austria,AUT,2016,42.932
Austria,AUT,2017,794.239
Austria,AUT,2018,386.385
Austria,AUT,2019,21.466
Austria,AUT,2020,150.262
Austria,AUT,2021,128.796
Austria,AUT,2022,85.864
Austria,AUT,2023,85.864
Austria,AUT,2024,944.498
Austria,AUT,2025,214.659
Azerbaijan,AZE,2002,210923.61
Azerbaijan,AZE,2003,209979.11
Azerbaijan,AZE,2004,252524.45
Azerbaijan,AZE,2005,137295.69
Azerbaijan,AZE,2006,299212.72
Azerbaijan,AZE,2007,129675.31
Azerbaijan,AZE,2008,87795.4
Azerbaijan,AZE,2009,87409.01
Azerbaijan,AZE,2010,223330.89
Azerbaijan,AZE,2011,192291.23
Azerbaijan,AZE,2012,130340.75
Azerbaijan,AZE,2013,95566.05
Azerbaijan,AZE,2014,36706.637
Azerbaijan,AZE,2015,368075.22
Azerbaijan,AZE,2016,164729.08
Azerbaijan,AZE,2017,174066.72
Azerbaijan,AZE,2018,133818.22
Azerbaijan,AZE,2019,263836.97
Azerbaijan,AZE,2020,47589.83
Azerbaijan,AZE,2021,184885.52
Azerbaijan,AZE,2022,65385.035
Azerbaijan,AZE,2023,9080.0625
Azerbaijan,AZE,2024,34216.594
Azerbaijan,AZE,2025,88010.055
Bahamas,BHS,2002,17365.89
Bahamas,BHS,2003,2103.655
Bahamas,BHS,2004,47053.184
Bahamas,BHS,2005,23698.32
Bahamas,BHS,2006,14296.271
Bahamas,BHS,2007,16872.176
Bahamas,BHS,2008,43597.18
Bahamas,BHS,2009,19018.762
Bahamas,BHS,2010,8285.823
Bahamas,BHS,2011,46065.754
Bahamas,BHS,2012,11011.99
Bahamas,BHS,2013,40828.086
Bahamas,BHS,2014,8929.8
Bahamas,BHS,2015,16464.32
Bahamas,BHS,2016,21551.734
Bahamas,BHS,2017,39947.98
Bahamas,BHS,2018,3971.185
Bahamas,BHS,2019,10174.822
Bahamas,BHS,2020,20886.293
Bahamas,BHS,2021,9080.061
Bahamas,BHS,2022,1588.475
Bahamas,BHS,2023,5087.413
Bahamas,BHS,2024,17644.945
Bahamas,BHS,2025,25286.795
Bahrain,BHR,2002,0
Bahrain,BHR,2003,0
Bahrain,BHR,2004,0
Bahrain,BHR,2005,0
Bahrain,BHR,2006,0
Bahrain,BHR,2007,0
Bahrain,BHR,2008,0
Bahrain,BHR,2009,0
Bahrain,BHR,2010,0
Bahrain,BHR,2011,0
Bahrain,BHR,2012,0
Bahrain,BHR,2013,0
Bahrain,BHR,2014,0
Bahrain,BHR,2015,0
Bahrain,BHR,2016,0
Bahrain,BHR,2017,0
Bahrain,BHR,2018,0
Bahrain,BHR,2019,0
Bahrain,BHR,2020,0
Bahrain,BHR,2021,0
Bahrain,BHR,2022,0
Bahrain,BHR,2023,0
Bahrain,BHR,2024,0
Bahrain,BHR,2025,0
Bangladesh,BGD,2002,5538.1953
Bangladesh,BGD,2003,31769.484
Bangladesh,BGD,2004,19276.35
Bangladesh,BGD,2005,46902.92
Bangladesh,BGD,2006,167777.22
Bangladesh,BGD,2007,46452.137
Bangladesh,BGD,2008,92281.766
Bangladesh,BGD,2009,113554.44
Bangladesh,BGD,2010,26081.027
Bangladesh,BGD,2011,29021.852
Bangladesh,BGD,2012,36105.59
Bangladesh,BGD,2013,121582.68
Bangladesh,BGD,2014,116430.87
Bangladesh,BGD,2015,23333.396
Bangladesh,BGD,2016,9616.71
Bangladesh,BGD,2017,5860.183
Bangladesh,BGD,2018,28957.455
Bangladesh,BGD,2019,22002.516
Bangladesh,BGD,2020,103701.61
Bangladesh,BGD,2021,79166.12
Bangladesh,BGD,2022,10711.468
Bangladesh,BGD,2023,23311.932
Bangladesh,BGD,2024,86400.12
Bangladesh,BGD,2025,290046.8
Barbados,BRB,2002,0
Barbados,BRB,2003,0
Barbados,BRB,2004,0
Barbados,BRB,2005,0
Barbados,BRB,2006,0
Barbados,BRB,2007,0
Barbados,BRB,2008,0
Barbados,BRB,2009,0
Barbados,BRB,2010,579.579
Barbados,BRB,2011,0
Barbados,BRB,2012,0
Barbados,BRB,2013,0
Barbados,BRB,2014,0
Barbados,BRB,2015,0
Barbados,BRB,2016,0
Barbados,BRB,2017,0
Barbados,BRB,2018,0
Barbados,BRB,2019,0
Barbados,BRB,2020,0
Barbados,BRB,2021,0
Barbados,BRB,2022,0
Barbados,BRB,2023,729.839
Barbados,BRB,2024,0
Barbados,BRB,2025,0
Belarus,BLR,2002,180141.56
Belarus,BLR,2003,67123.766
Belarus,BLR,2004,22796.752
Belarus,BLR,2005,40205.574
Belarus,BLR,2006,70880.3
Belarus,BLR,2007,19705.67
Belarus,BLR,2008,43554.246
Belarus,BLR,2009,38080.453
Belarus,BLR,2010,13416.177
Belarus,BLR,2011,5795.786
Belarus,BLR,2012,48062.082
Belarus,BLR,2013,13072.715
Belarus,BLR,2014,63088.188
Belarus,BLR,2015,93526.79
Belarus,BLR,2016,9122.997
Belarus,BLR,2017,6912.012
Belarus,BLR,2018,51496.625
Belarus,BLR,2019,33851.68
Belarus,BLR,2020,49650.555
Belarus,BLR,2021,9359.12
Belarus,BLR,2022,9402.052
Belarus,BLR,2023,1395.2839
Belarus,BLR,2024,12020.888
Belarus,BLR,2025,13888.42
Belgium,BEL,2002,0
Belgium,BEL,2003,42.932
Belgium,BEL,2004,236.125
Belgium,BEL,2005,0
Belgium,BEL,2006,450.783
Belgium,BEL,2007,965.96497
Belgium,BEL,2008,0
Belgium,BEL,2009,236.125
Belgium,BEL,2010,0
Belgium,BEL,2011,923.034
Belgium,BEL,2012,107.33
Belgium,BEL,2013,0
Belgium,BEL,2014,64.398
Belgium,BEL,2015,0
Belgium,BEL,2016,107.329
Belgium,BEL,2017,0
Belgium,BEL,2018,0
Belgium,BEL,2019,0
Belgium,BEL,2020,1223.555
Belgium,BEL,2021,0
Belgium,BEL,2022,0
Belgium,BEL,2023,0
Belgium,BEL,2024,0
Belgium,BEL,2025,64.398
Belize,BLZ,2002,27046.998
Belize,BLZ,2003,85155.1
Belize,BLZ,2004,6997.878
Belize,BLZ,2005,42888.81
Belize,BLZ,2006,14532.395
Belize,BLZ,2007,57228.004
Belize,BLZ,2008,35332.816
Belize,BLZ,2009,14747.049
Belize,BLZ,2010,31790.951
Belize,BLZ,2011,112588.484
Belize,BLZ,2012,5946.0493
Belize,BLZ,2013,70815.9
Belize,BLZ,2014,14210.408
Belize,BLZ,2015,32391.998
Belize,BLZ,2016,30481.537
Belize,BLZ,2017,35762.14
Belize,BLZ,2018,20478.44
Belize,BLZ,2019,49457.367
Belize,BLZ,2020,56025.914
Belize,BLZ,2021,21315.61
Belize,BLZ,2022,11806.228
Belize,BLZ,2023,66157.81
Belize,BLZ,2024,95158.195
Belize,BLZ,2025,37629.67
Benin,BEN,2002,2853200.2
Benin,BEN,2003,2589685.2
Benin,BEN,2004,2083412.6
Benin,BEN,2005,3555928.2
Benin,BEN,2006,2407976.5
Benin,BEN,2007,2584876.8
Benin,BEN,2008,1855853
Benin,BEN,2009,1906147.6
Benin,BEN,2010,1787591.6
Benin,BEN,2011,2023544.4
Benin,BEN,2012,1744895.9
Benin,BEN,2013,1941931.2
Benin,BEN,2014,1638382.4
Benin,BEN,2015,1597661.6
Benin,BEN,2016,1809272
Benin,BEN,2017,1504070.4
Benin,BEN,2018,1289604.9
Benin,BEN,2019,1493852.6
Benin,BEN,2020,1438320.5
Benin,BEN,2021,1436410
Benin,BEN,2022,1239975.9
Benin,BEN,2023,1280331.6
Benin,BEN,2024,1089392.8
Benin,BEN,2025,1146277.4
Bermuda,BMU,2002,0
Bermuda,BMU,2003,0
Bermuda,BMU,2004,0
Bermuda,BMU,2005,0
Bermuda,BMU,2006,0
Bermuda,BMU,2007,0
Bermuda,BMU,2008,0
Bermuda,BMU,2009,0
Bermuda,BMU,2010,0
Bermuda,BMU,2011,0
Bermuda,BMU,2012,0
Bermuda,BMU,2013,0
Bermuda,BMU,2014,0
Bermuda,BMU,2015,0
Bermuda,BMU,2016,0
Bermuda,BMU,2017,0
Bermuda,BMU,2018,0
Bermuda,BMU,2019,0
Bermuda,BMU,2020,0
Bermuda,BMU,2021,0
Bermuda,BMU,2022,0
Bermuda,BMU,2023,0
Bermuda,BMU,2024,0
Bermuda,BMU,2025,0
Bhutan,BTN,2002,2618.838
Bhutan,BTN,2003,772.771
Bhutan,BTN,2004,3026.687
Bhutan,BTN,2005,4743.957
Bhutan,BTN,2006,5001.549
Bhutan,BTN,2007,16464.32
Bhutan,BTN,2008,3456.01
Bhutan,BTN,2009,2060.725
Bhutan,BTN,2010,13523.502
Bhutan,BTN,2011,7727.715
Bhutan,BTN,2012,21015.088
Bhutan,BTN,2013,3413.073
Bhutan,BTN,2014,12514.6045
Bhutan,BTN,2015,11784.762
Bhutan,BTN,2016,4829.8228
Bhutan,BTN,2017,5967.517
Bhutan,BTN,2018,2940.829
Bhutan,BTN,2019,3134.0178
Bhutan,BTN,2020,1373.816
Bhutan,BTN,2021,3241.3481
Bhutan,BTN,2022,3606.269
Bhutan,BTN,2023,6139.239
Bhutan,BTN,2024,5645.525
Bhutan,BTN,2025,1373.817
Bolivia,BOL,2002,4632871
Bolivia,BOL,2003,2848177.2
Bolivia,BOL,2004,6495807.5
Bolivia,BOL,2005,5774898
Bolivia,BOL,2006,4699393.5
Bolivia,BOL,2007,4854119.5
Bolivia,BOL,2008,3198049.2
Bolivia,BOL,2009,2118530.8
Bolivia,BOL,2010,9343534
Bolivia,BOL,2011,3281358.2
Bolivia,BOL,2012,2709829.8
Bolivia,BOL,2013,1745346.8
Bolivia,BOL,2014,1104225.8
Bolivia,BOL,2015,2332674.2
Bolivia,BOL,2016,3502735.8
Bolivia,BOL,2017,2554695.8
Bolivia,BOL,2018,1849670.9
Bolivia,BOL,2019,5463578.5
Bolivia,BOL,2020,4531079.5
Bolivia,BOL,2021,4595198
Bolivia,BOL,2022,4340269.5
Bolivia,BOL,2023,5625366.5
Bolivia,BOL,2024,11002438
Bolivia,BOL,2025,1590899.8
Bonaire Sint Eustatius and Saba,BES,2002,0
Bonaire Sint Eustatius and Saba,BES,2003,0
Bonaire Sint Eustatius and Saba,BES,2004,0
Bonaire Sint Eustatius and Saba,BES,2005,0
Bonaire Sint Eustatius and Saba,BES,2006,0
Bonaire Sint Eustatius and Saba,BES,2007,0
Bonaire Sint Eustatius and Saba,BES,2008,0
Bonaire Sint Eustatius and Saba,BES,2009,0
Bonaire Sint Eustatius and Saba,BES,2010,0
Bonaire Sint Eustatius and Saba,BES,2011,21.466
Bonaire Sint Eustatius and Saba,BES,2012,0
Bonaire Sint Eustatius and Saba,BES,2013,0
Bonaire Sint Eustatius and Saba,BES,2014,0
Bonaire Sint Eustatius and Saba,BES,2015,0
Bonaire Sint Eustatius and Saba,BES,2016,0
Bonaire Sint Eustatius and Saba,BES,2017,0
Bonaire Sint Eustatius and Saba,BES,2018,0
Bonaire Sint Eustatius and Saba,BES,2019,0
Bonaire Sint Eustatius and Saba,BES,2020,0
Bonaire Sint Eustatius and Saba,BES,2021,0
Bonaire Sint Eustatius and Saba,BES,2022,0
Bonaire Sint Eustatius and Saba,BES,2023,0
Bonaire Sint Eustatius and Saba,BES,2024,0
Bonaire Sint Eustatius and Saba,BES,2025,0
Bosnia and Herzegovina,BIH,2002,2146.586
Bosnia and Herzegovina,BIH,2003,75237.87
Bosnia and Herzegovina,BIH,2004,10282.149
Bosnia and Herzegovina,BIH,2005,1846.064
Bosnia and Herzegovina,BIH,2006,11033.457
Bosnia and Herzegovina,BIH,2007,46774.125
Bosnia and Herzegovina,BIH,2008,20134.982
Bosnia and Herzegovina,BIH,2009,3112.551
Bosnia and Herzegovina,BIH,2010,4164.377
Bosnia and Herzegovina,BIH,2011,33164.77
Bosnia and Herzegovina,BIH,2012,67853.61
Bosnia and Herzegovina,BIH,2013,2747.629
Bosnia and Herzegovina,BIH,2014,2983.7551
Bosnia and Herzegovina,BIH,2015,9402.051
Bosnia and Herzegovina,BIH,2016,16314.061
Bosnia and Herzegovina,BIH,2017,54051.055
Bosnia and Herzegovina,BIH,2018,1352.353
Bosnia and Herzegovina,BIH,2019,11956.487
Bosnia and Herzegovina,BIH,2020,34474.184
Bosnia and Herzegovina,BIH,2021,33486.758
Bosnia and Herzegovina,BIH,2022,11913.56
Bosnia and Herzegovina,BIH,2023,1803.1329
Bosnia and Herzegovina,BIH,2024,12922.455
Bosnia and Herzegovina,BIH,2025,15820.345
Botswana,BWA,2002,8172291.5
Botswana,BWA,2003,1401098.6
Botswana,BWA,2004,1787698.9
Botswana,BWA,2005,2796465.8
Botswana,BWA,2006,5170634
Botswana,BWA,2007,2843755.2
Botswana,BWA,2008,10985136
Botswana,BWA,2009,2166056.2
Botswana,BWA,2010,13384054
Botswana,BWA,2011,16518286
Botswana,BWA,2012,4967051.5
Botswana,BWA,2013,4047410.8
Botswana,BWA,2014,2858996
Botswana,BWA,2015,1871351.4
Botswana,BWA,2016,1470884.1
Botswana,BWA,2017,4821190.5
Botswana,BWA,2018,2755079.8
Botswana,BWA,2019,1179227.4
Botswana,BWA,2020,3215028.8
Botswana,BWA,2021,10595294
Botswana,BWA,2022,7530956
Botswana,BWA,2023,10637131
Botswana,BWA,2024,2191343.2
Botswana,BWA,2025,2590071.8
Brazil,BRA,2002,23136514
Brazil,BRA,2003,16401940
Brazil,BRA,2004,20506858
Brazil,BRA,2005,22413564
Brazil,BRA,2006,12500948
Brazil,BRA,2007,36362148
Brazil,BRA,2008,15229024
Brazil,BRA,2009,9055183
Brazil,BRA,2010,36299170
Brazil,BRA,2011,14110631
Brazil,BRA,2012,24049198
Brazil,BRA,2013,9791677
Brazil,BRA,2014,15782157
Brazil,BRA,2015,20080116
Brazil,BRA,2016,15856364
Brazil,BRA,2017,20519888
Brazil,BRA,2018,8678779
Brazil,BRA,2019,19473920
Brazil,BRA,2020,21503262
Brazil,BRA,2021,15723619
Brazil,BRA,2022,13514738
Brazil,BRA,2023,11758208
Brazil,BRA,2024,25085528
Brazil,BRA,2025,10291660
British Virgin Islands,VGB,2002,0
British Virgin Islands,VGB,2003,0
British Virgin Islands,VGB,2004,0
British Virgin Islands,VGB,2005,128.795
British Virgin Islands,VGB,2006,0
British Virgin Islands,VGB,2007,0
British Virgin Islands,VGB,2008,0
British Virgin Islands,VGB,2009,0
British Virgin Islands,VGB,2010,0
British Virgin Islands,VGB,2011,0
British Virgin Islands,VGB,2012,0
British Virgin Islands,VGB,2013,0
British Virgin Islands,VGB,2014,42.932
British Virgin Islands,VGB,2015,0
British Virgin Islands,VGB,2016,0
British Virgin Islands,VGB,2017,0
British Virgin Islands,VGB,2018,0
British Virgin Islands,VGB,2019,0
British Virgin Islands,VGB,2020,0
British Virgin Islands,VGB,2021,0
British Virgin Islands,VGB,2022,0
British Virgin Islands,VGB,2023,0
British Virgin Islands,VGB,2024,0
British Virgin Islands,VGB,2025,42.932
Brunei,BRN,2002,64.398
Brunei,BRN,2003,493.715
Brunei,BRN,2004,321.988
Brunei,BRN,2005,21.466
Brunei,BRN,2006,0
Brunei,BRN,2007,85.864
Brunei,BRN,2008,0
Brunei,BRN,2009,214.65799
Brunei,BRN,2010,64.397995
Brunei,BRN,2011,42.932
Brunei,BRN,2012,0
Brunei,BRN,2013,0
Brunei,BRN,2014,364.92102
Brunei,BRN,2015,429.318
Brunei,BRN,2016,214.659
Brunei,BRN,2017,0
Brunei,BRN,2018,0
Brunei,BRN,2019,85.864
Brunei,BRN,2020,300.523
Brunei,BRN,2021,0
Brunei,BRN,2022,0
Brunei,BRN,2023,42.932
Brunei,BRN,2024,107.329
Brunei,BRN,2025,236.125
Bulgaria,BGR,2002,30610.33
Bulgaria,BGR,2003,52698.707
Bulgaria,BGR,2004,129675.305
Bulgaria,BGR,2005,106148.71
Bulgaria,BGR,2006,198001.17
Bulgaria,BGR,2007,110914.15
Bulgaria,BGR,2008,90585.97
Bulgaria,BGR,2009,32198.807
Bulgaria,BGR,2010,54394.52
Bulgaria,BGR,2011,96811.07
Bulgaria,BGR,2012,172199.2
Bulgaria,BGR,2013,62658.87
Bulgaria,BGR,2014,40463.164
Bulgaria,BGR,2015,51131.703
Bulgaria,BGR,2016,64032.684
Bulgaria,BGR,2017,78307.49
Bulgaria,BGR,2018,45164.19
Bulgaria,BGR,2019,164793.47
Bulgaria,BGR,2020,16185.265
Bulgaria,BGR,2021,26553.28
Bulgaria,BGR,2022,15927.68
Bulgaria,BGR,2023,21487.334
Bulgaria,BGR,2024,34452.723
Bulgaria,BGR,2025,29880.488
Burkina Faso,BFA,2002,3860142.5
Burkina Faso,BFA,2003,3479810.2
Burkina Faso,BFA,2004,3761313.8
Burkina Faso,BFA,2005,4018389
Burkina Faso,BFA,2006,2884669
Burkina Faso,BFA,2007,3097352.8
Burkina Faso,BFA,2008,2572512.5
Burkina Faso,BFA,2009,2919465.2
Burkina Faso,BFA,2010,3044547
Burkina Faso,BFA,2011,2889134
Burkina Faso,BFA,2012,1992783.9
Burkina Faso,BFA,2013,2303030
Burkina Faso,BFA,2014,2124906.2
Burkina Faso,BFA,2015,1648836.2
Burkina Faso,BFA,2016,2323014.8
Burkina Faso,BFA,2017,2018843.4
Burkina Faso,BFA,2018,1463027.6
Burkina Faso,BFA,2019,1538480.2
Burkina Faso,BFA,2020,1601826
Burkina Faso,BFA,2021,1872918.4
Burkina Faso,BFA,2022,1518323.8
Burkina Faso,BFA,2023,2743595.2
Burkina Faso,BFA,2024,3771188
Burkina Faso,BFA,2025,3655100.5
Burundi,BDI,2002,81591.766
Burundi,BDI,2003,83995.945
Burundi,BDI,2004,68132.664
Burundi,BDI,2005,42051.64
Burundi,BDI,2006,26596.21
Burundi,BDI,2007,24192.031
Burundi,BDI,2008,43039.066
Burundi,BDI,2009,31833.887
Burundi,BDI,2010,38402.445
Burundi,BDI,2011,25801.977
Burundi,BDI,2012,27583.64
Burundi,BDI,2013,35633.344
Burundi,BDI,2014,20199.383
Burundi,BDI,2015,36964.23
Burundi,BDI,2016,34731.78
Burundi,BDI,2017,28742.799
Burundi,BDI,2018,28850.125
Burundi,BDI,2019,29880.492
Burundi,BDI,2020,30524.463
Burundi,BDI,2021,24621.352
Burundi,BDI,2022,29343.846
Burundi,BDI,2023,28785.729
Burundi,BDI,2024,42867.348
Burundi,BDI,2025,22925.547
Cambodia,KHM,2002,2652193.8
Cambodia,KHM,2003,2964307.5
Cambodia,KHM,2004,4185672.5
Cambodia,KHM,2005,2212336.8
Cambodia,KHM,2006,3056245.8
Cambodia,KHM,2007,3286145.2
Cambodia,KHM,2008,2860477
Cambodia,KHM,2009,2970038.8
Cambodia,KHM,2010,2588483.2
Cambodia,KHM,2011,3218120
Cambodia,KHM,2012,2844549.5
Cambodia,KHM,2013,2584340.2
Cambodia,KHM,2014,2420856
Cambodia,KHM,2015,3412300.2
Cambodia,KHM,2016,2395784
Cambodia,KHM,2017,2708627.5
Cambodia,KHM,2018,2951084.5
Cambodia,KHM,2019,2369252.2
Cambodia,KHM,2020,2138794.8
Cambodia,KHM,2021,2251512
Cambodia,KHM,2022,1528799
Cambodia,KHM,2023,1797809.2
Cambodia,KHM,2024,2170456.8
Cambodia,KHM,2025,2096485.4
Cameroon,CMR,2002,5085156.5
Cameroon,CMR,2003,7073840.5
Cameroon,CMR,2004,4734232.5
Cameroon,CMR,2005,6656565.5
Cameroon,CMR,2006,4848238
Cameroon,CMR,2007,4461852.5
Cameroon,CMR,2008,4921544
Cameroon,CMR,2009,4149524
Cameroon,CMR,2010,4258549
Cameroon,CMR,2011,3469463.8
Cameroon,CMR,2012,2985365.5
Cameroon,CMR,2013,3049763
Cameroon,CMR,2014,2469712.5
Cameroon,CMR,2015,2093287
Cameroon,CMR,2016,2935414.5
Cameroon,CMR,2017,2475486.8
Cameroon,CMR,2018,2169576.8
Cameroon,CMR,2019,2146243.2
Cameroon,CMR,2020,3012884.8
Cameroon,CMR,2021,2486541.8
Cameroon,CMR,2022,2601963.8
Cameroon,CMR,2023,1899042.4
Cameroon,CMR,2024,2179129
Cameroon,CMR,2025,2181425.8
Canada,CAN,2002,2484545.2
Canada,CAN,2003,1877576.5
Canada,CAN,2004,2320116.8
Canada,CAN,2005,1506732.1
Canada,CAN,2006,1889082.1
Canada,CAN,2007,1365701.5
Canada,CAN,2008,1490096.1
Canada,CAN,2009,685319.3
Canada,CAN,2010,2525137.2
Canada,CAN,2011,1638425.2
Canada,CAN,2012,1570378.5
Canada,CAN,2013,3843699.8
Canada,CAN,2014,3156792
Canada,CAN,2015,2960615.2
Canada,CAN,2016,966908.5
Canada,CAN,2017,2937604
Canada,CAN,2018,1809572.6
Canada,CAN,2019,1279537.4
Canada,CAN,2020,263772.6
Canada,CAN,2021,3629921
Canada,CAN,2022,1200113.8
Canada,CAN,2023,13319249
Canada,CAN,2024,4621472.5
Canada,CAN,2025,4420165.5
Cape Verde,CPV,2002,0
Cape Verde,CPV,2003,0
Cape Verde,CPV,2004,0
Cape Verde,CPV,2005,0
Cape Verde,CPV,2006,0
Cape Verde,CPV,2007,0
Cape Verde,CPV,2008,0
Cape Verde,CPV,2009,0
Cape Verde,CPV,2010,0
Cape Verde,CPV,2011,0
Cape Verde,CPV,2012,0
Cape Verde,CPV,2013,0
Cape Verde,CPV,2014,0
Cape Verde,CPV,2015,0
Cape Verde,CPV,2016,0
Cape Verde,CPV,2017,0
Cape Verde,CPV,2018,0
Cape Verde,CPV,2019,0
Cape Verde,CPV,2020,0
Cape Verde,CPV,2021,0
Cape Verde,CPV,2022,0
Cape Verde,CPV,2023,601.045
Cape Verde,CPV,2024,0
Cape Verde,CPV,2025,0
Cayman Islands,CYM,2002,0
Cayman Islands,CYM,2003,0
Cayman Islands,CYM,2004,0
Cayman Islands,CYM,2005,0
Cayman Islands,CYM,2006,0
Cayman Islands,CYM,2007,0
Cayman Islands,CYM,2008,0
Cayman Islands,CYM,2009,0
Cayman Islands,CYM,2010,0
Cayman Islands,CYM,2011,0
Cayman Islands,CYM,2012,0
Cayman Islands,CYM,2013,21.466
Cayman Islands,CYM,2014,0
Cayman Islands,CYM,2015,0
Cayman Islands,CYM,2016,0
Cayman Islands,CYM,2017,0
Cayman Islands,CYM,2018,0
Cayman Islands,CYM,2019,0
Cayman Islands,CYM,2020,0
Cayman Islands,CYM,2021,0
Cayman Islands,CYM,2022,0
Cayman Islands,CYM,2023,0
Cayman Islands,CYM,2024,0
Cayman Islands,CYM,2025,0
Central African Republic,CAF,2002,17118278
Central African Republic,CAF,2003,26788350
Central African Republic,CAF,2004,21255630
Central African Republic,CAF,2005,23680072
Central African Republic,CAF,2006,22105916
Central African Republic,CAF,2007,22837836
Central African Republic,CAF,2008,25322168
Central African Republic,CAF,2009,15850891
Central African Republic,CAF,2010,20092052
Central African Republic,CAF,2011,22550258
Central African Republic,CAF,2012,16794100
Central African Republic,CAF,2013,18531398
Central African Republic,CAF,2014,16986242
Central African Republic,CAF,2015,17928120
Central African Republic,CAF,2016,21373242
Central African Republic,CAF,2017,17235910
Central African Republic,CAF,2018,18143616
Central African Republic,CAF,2019,14748296
Central African Republic,CAF,2020,16694799
Central African Republic,CAF,2021,16682005
Central African Republic,CAF,2022,17874906
Central African Republic,CAF,2023,11966341
Central African Republic,CAF,2024,14757269
Central African Republic,CAF,2025,13195626
Chad,TCD,2002,11699349
Chad,TCD,2003,12351181
Chad,TCD,2004,12700109
Chad,TCD,2005,12915432
Chad,TCD,2006,11627331
Chad,TCD,2007,12299105
Chad,TCD,2008,11066556
Chad,TCD,2009,8589953
Chad,TCD,2010,9419223
Chad,TCD,2011,10740189
Chad,TCD,2012,9980791
Chad,TCD,2013,8838850
Chad,TCD,2014,7863333.5
Chad,TCD,2015,7874582
Chad,TCD,2016,10259504
Chad,TCD,2017,7400443.5
Chad,TCD,2018,8417518
Chad,TCD,2019,6486534.5
Chad,TCD,2020,8130497.5
Chad,TCD,2021,8028256
Chad,TCD,2022,6472173.5
Chad,TCD,2023,6752217
Chad,TCD,2024,5960041
Chad,TCD,2025,6345782.5
Chile,CHL,2002,44090.9
Chile,CHL,2003,73112.75
Chile,CHL,2004,57571.465
Chile,CHL,2005,112481.16
Chile,CHL,2006,32370.54
Chile,CHL,2007,67080.84
Chile,CHL,2008,78457.76
Chile,CHL,2009,77062.48
Chile,CHL,2010,74572.43
Chile,CHL,2011,88095.92
Chile,CHL,2012,106792.695
Chile,CHL,2013,28077.361
Chile,CHL,2014,113253.92
Chile,CHL,2015,228353.9
Chile,CHL,2016,79187.59
Chile,CHL,2017,483883.6
Chile,CHL,2018,37028.625
Chile,CHL,2019,109282.74
Chile,CHL,2020,87387.55
Chile,CHL,2021,77362.984
Chile,CHL,2022,125747.06
Chile,CHL,2023,411286.03
Chile,CHL,2024,66608.59
Chile,CHL,2025,86357.195
China,CHN,2002,1551338.2
China,CHN,2003,3400880.2
China,CHN,2004,2249730.2
China,CHN,2005,3085010
China,CHN,2006,3982906
China,CHN,2007,3846683.2
China,CHN,2008,3311303.2
China,CHN,2009,3205090.2
China,CHN,2010,4064712.2
China,CHN,2011,3111520.5
China,CHN,2012,4756321
China,CHN,2013,3379500.2
China,CHN,2014,5415580.5
China,CHN,2015,3981875.5
China,CHN,2016,1505229.6
China,CHN,2017,4107665.5
China,CHN,2018,1516112.8
China,CHN,2019,2523677.5
China,CHN,2020,2400184.5
China,CHN,2021,2546066.5
China,CHN,2022,2720390.8
China,CHN,2023,2439166.5
China,CHN,2024,3828459
China,CHN,2025,2623064.8
Colombia,COL,2002,1995295.4
Colombia,COL,2003,3150760
Colombia,COL,2004,3982412.2
Colombia,COL,2005,2183400.8
Colombia,COL,2006,1632715.4
Colombia,COL,2007,3680322.8
Colombia,COL,2008,2651829
Colombia,COL,2009,1820842.2
Colombia,COL,2010,1858471.9
Colombia,COL,2011,1488915.5
Colombia,COL,2012,1448151.8
Colombia,COL,2013,1728045.2
Colombia,COL,2014,2440540.2
Colombia,COL,2015,1406229
Colombia,COL,2016,1987589.1
Colombia,COL,2017,1316222.6
Colombia,COL,2018,2488688.2
Colombia,COL,2019,1660878.6
Colombia,COL,2020,2338083.8
Colombia,COL,2021,1296946.2
Colombia,COL,2022,2092084.9
Colombia,COL,2023,1446713.6
Colombia,COL,2024,1554794.2
Colombia,COL,2025,1289733.8
Comoros,COM,2002,0
Comoros,COM,2003,1159.1581
Comoros,COM,2004,64.397995
Comoros,COM,2005,11570.104
Comoros,COM,2006,1051.828
Comoros,COM,2007,450.78302
Comoros,COM,2008,2940.823
Comoros,COM,2009,128.795
Comoros,COM,2010,622.509
Comoros,COM,2011,815.70197
Comoros,COM,2012,515.181
Comoros,COM,2013,1030.363
Comoros,COM,2014,1373.816
Comoros,COM,2015,1545.542
Comoros,COM,2016,472.24902
Comoros,COM,2017,21.466
Comoros,COM,2018,257.592
Comoros,COM,2019,2339.78
Comoros,COM,2020,42.932
Comoros,COM,2021,0
Comoros,COM,2022,923.032
Comoros,COM,2023,0
Comoros,COM,2024,2919.358
Comoros,COM,2025,150.261
Congo,COG,2002,1733883.9
Congo,COG,2003,3190922.8
Congo,COG,2004,3266461
Congo,COG,2005,3831442.8
Congo,COG,2006,3882939.2
Congo,COG,2007,3299862
Congo,COG,2008,3217046.5
Congo,COG,2009,3090698.5
Congo,COG,2010,3681160.2
Congo,COG,2011,3794070.8
Congo,COG,2012,3529181.8
Congo,COG,2013,3706232.2
Congo,COG,2014,3021063.2
Congo,COG,2015,3684337
Congo,COG,2016,3660789
Congo,COG,2017,3604269.5
Congo,COG,2018,3781770.5
Congo,COG,2019,3648467.8
Congo,COG,2020,3293572.5
Congo,COG,2021,2943034.8
Congo,COG,2022,3943859.2
Congo,COG,2023,2960486.5
Congo,COG,2024,4533033
Congo,COG,2025,3405517
Costa Rica,CRI,2002,27841.234
Costa Rica,CRI,2003,39024.95
Costa Rica,CRI,2004,32091.473
Costa Rica,CRI,2005,17559.082
Costa Rica,CRI,2006,16185.264
Costa Rica,CRI,2007,30739.127
Costa Rica,CRI,2008,18782.633
Costa Rica,CRI,2009,27970.03
Costa Rica,CRI,2010,28292.012
Costa Rica,CRI,2011,15863.274
Costa Rica,CRI,2012,33980.473
Costa Rica,CRI,2013,57507.06
Costa Rica,CRI,2014,42974.668
Costa Rica,CRI,2015,49672.016
Costa Rica,CRI,2016,53707.6
Costa Rica,CRI,2017,33078.902
Costa Rica,CRI,2018,41514.992
Costa Rica,CRI,2019,45851.094
Costa Rica,CRI,2020,35418.684
Costa Rica,CRI,2021,21594.662
Costa Rica,CRI,2022,52076.2
Costa Rica,CRI,2023,25780.508
Costa Rica,CRI,2024,29987.82
Costa Rica,CRI,2025,17709.342
Cote d'Ivoire,CIV,2002,4211624.5
Cote d'Ivoire,CIV,2003,3797118.8
Cote d'Ivoire,CIV,2004,2028481.5
Cote d'Ivoire,CIV,2005,4384210.5
Cote d'Ivoire,CIV,2006,3568120.8
Cote d'Ivoire,CIV,2007,3524738.2
Cote d'Ivoire,CIV,2008,2890422
Cote d'Ivoire,CIV,2009,2481110.8
Cote d'Ivoire,CIV,2010,2298930
Cote d'Ivoire,CIV,2011,2707983.5
Cote d'Ivoire,CIV,2012,2354505
Cote d'Ivoire,CIV,2013,3006123
Cote d'Ivoire,CIV,2014,1498167.2
Cote d'Ivoire,CIV,2015,1817472.1
Cote d'Ivoire,CIV,2016,3033213
Cote d'Ivoire,CIV,2017,1707717.1
Cote d'Ivoire,CIV,2018,1518216.4
Cote d'Ivoire,CIV,2019,1123051.2
Cote d'Ivoire,CIV,2020,1590921.2
Cote d'Ivoire,CIV,2021,1224778
Cote d'Ivoire,CIV,2022,1354861.1
Cote d'Ivoire,CIV,2023,1209902.1
Cote d'Ivoire,CIV,2024,1424754
Cote d'Ivoire,CIV,2025,880508.44
Croatia,HRV,2002,5860.184
Croatia,HRV,2003,22603.56
Croatia,HRV,2004,3820.925
Croatia,HRV,2005,4851.288
Croatia,HRV,2006,5023.0117
Croatia,HRV,2007,24964.803
Croatia,HRV,2008,14339.202
Croatia,HRV,2009,5645.524
Croatia,HRV,2010,1245.021
Croatia,HRV,2011,28227.623
Croatia,HRV,2012,22775.287
Croatia,HRV,2013,794.237
Croatia,HRV,2014,1180.624
Croatia,HRV,2015,5688.453
Croatia,HRV,2016,3949.72
Croatia,HRV,2017,51689.816
Croatia,HRV,2018,1652.8729
Croatia,HRV,2019,4164.379
Croatia,HRV,2020,11226.649
Croatia,HRV,2021,4486.368
Croatia,HRV,2022,13416.171
Croatia,HRV,2023,1438.214
Croatia,HRV,2024,9187.395
Croatia,HRV,2025,1008.896
Cuba,CUB,2002,134311.94
Cuba,CUB,2003,163097.67
Cuba,CUB,2004,509106
Cuba,CUB,2005,323512.1
Cuba,CUB,2006,329372.28
Cuba,CUB,2007,223760.2
Cuba,CUB,2008,186795.98
Cuba,CUB,2009,343432.44
Cuba,CUB,2010,159684.6
Cuba,CUB,2011,271328.56
Cuba,CUB,2012,145259.53
Cuba,CUB,2013,147878.38
Cuba,CUB,2014,105461.82
Cuba,CUB,2015,190509.6
Cuba,CUB,2016,98206.36
Cuba,CUB,2017,177479.78
Cuba,CUB,2018,74958.82
Cuba,CUB,2019,77899.64
Cuba,CUB,2020,297624.28
Cuba,CUB,2021,168228.02
Cuba,CUB,2022,126541.305
Cuba,CUB,2023,314410.56
Cuba,CUB,2024,225928.27
Cuba,CUB,2025,326968.12
Cyprus,CYP,2002,1481.1439
Cyprus,CYP,2003,2404.177
Cyprus,CYP,2004,1373.815
Cyprus,CYP,2005,2017.791
Cyprus,CYP,2006,0
Cyprus,CYP,2007,2640.302
Cyprus,CYP,2008,1781.667
Cyprus,CYP,2009,0
Cyprus,CYP,2010,643.976
Cyprus,CYP,2011,579.579
Cyprus,CYP,2012,1738.735
Cyprus,CYP,2013,2060.724
Cyprus,CYP,2014,536.646
Cyprus,CYP,2015,515.18097
Cyprus,CYP,2016,2253.917
Cyprus,CYP,2017,0
Cyprus,CYP,2018,0
Cyprus,CYP,2019,85.864
Cyprus,CYP,2020,558.11304
Cyprus,CYP,2021,5645.524
Cyprus,CYP,2022,42.932
Cyprus,CYP,2023,1094.759
Cyprus,CYP,2024,1588.475
Cyprus,CYP,2025,13824.02
Czechia,CZE,2002,364.921
Czechia,CZE,2003,3584.801
Czechia,CZE,2004,729.84
Czechia,CZE,2005,515.18097
Czechia,CZE,2006,0
Czechia,CZE,2007,2575.906
Czechia,CZE,2008,601.046
Czechia,CZE,2009,558.11304
Czechia,CZE,2010,279.057
Czechia,CZE,2011,450.784
Czechia,CZE,2012,2103.655
Czechia,CZE,2013,386.386
Czechia,CZE,2014,1051.827
Czechia,CZE,2015,665.442
Czechia,CZE,2016,2210.9841
Czechia,CZE,2017,4035.587
Czechia,CZE,2018,536.649
Czechia,CZE,2019,5559.6587
Czechia,CZE,2020,236.125
Czechia,CZE,2021,708.375
Czechia,CZE,2022,1459.682
Czechia,CZE,2023,42.932
Czechia,CZE,2024,1030.363
Czechia,CZE,2025,1974.8629
Democratic Republic of Congo,COD,2002,31266860
Democratic Republic of Congo,COD,2003,35111204
Democratic Republic of Congo,COD,2004,37714176
Democratic Republic of Congo,COD,2005,37019604
Democratic Republic of Congo,COD,2006,37719628
Democratic Republic of Congo,COD,2007,32355932
Democratic Republic of Congo,COD,2008,34634424
Democratic Republic of Congo,COD,2009,34330830
Democratic Republic of Congo,COD,2010,35758828
Democratic Republic of Congo,COD,2011,33762030
Democratic Republic of Congo,COD,2012,32193134
Democratic Republic of Congo,COD,2013,34012388
Democratic Republic of Congo,COD,2014,32246712
Democratic Republic of Congo,COD,2015,34064036
Democratic Republic of Congo,COD,2016,33843196
Democratic Republic of Congo,COD,2017,34597956
Democratic Republic of Congo,COD,2018,31942220
Democratic Republic of Congo,COD,2019,32966442
Democratic Republic of Congo,COD,2020,33479818
Democratic Republic of Congo,COD,2021,33362272
Democratic Republic of Congo,COD,2022,33203082
Democratic Republic of Congo,COD,2023,30960198
Democratic Republic of Congo,COD,2024,33963100
Democratic Republic of Congo,COD,2025,31021312
Denmark,DNK,2002,1674.338
Denmark,DNK,2003,13029.783
Denmark,DNK,2004,8135.563
Denmark,DNK,2005,21.466
Denmark,DNK,2006,15391.027
Denmark,DNK,2007,1180.624
Denmark,DNK,2008,2940.825
Denmark,DNK,2009,772.771
Denmark,DNK,2010,0
Denmark,DNK,2011,21.466
Denmark,DNK,2012,150.261
Denmark,DNK,2013,2168.053
Denmark,DNK,2014,0
Denmark,DNK,2015,1588.474
Denmark,DNK,2016,0
Denmark,DNK,2017,0
Denmark,DNK,2018,214.659
Denmark,DNK,2019,343.454
Denmark,DNK,2020,0
Denmark,DNK,2021,0
Denmark,DNK,2022,815.703
Denmark,DNK,2023,42.932
Denmark,DNK,2024,0
Denmark,DNK,2025,85.863
Djibouti,DJI,2002,0
Djibouti,DJI,2003,0
Djibouti,DJI,2004,0
Djibouti,DJI,2005,0
Djibouti,DJI,2006,0
Djibouti,DJI,2007,0
Djibouti,DJI,2008,0
Djibouti,DJI,2009,0
Djibouti,DJI,2010,0
Djibouti,DJI,2011,0
Djibouti,DJI,2012,0
Djibouti,DJI,2013,0
Djibouti,DJI,2014,0
Djibouti,DJI,2015,0
Djibouti,DJI,2016,0
Djibouti,DJI,2017,0
Djibouti,DJI,2018,0
Djibouti,DJI,2019,0
Djibouti,DJI,2020,42.932
Djibouti,DJI,2021,0
Djibouti,DJI,2022,0
Djibouti,DJI,2023,0
Djibouti,DJI,2024,0
Djibouti,DJI,2025,0
Dominica,DMA,2002,0
Dominica,DMA,2003,0
Dominica,DMA,2004,0
Dominica,DMA,2005,0
Dominica,DMA,2006,0
Dominica,DMA,2007,0
Dominica,DMA,2008,0
Dominica,DMA,2009,0
Dominica,DMA,2010,0
Dominica,DMA,2011,0
Dominica,DMA,2012,0
Dominica,DMA,2013,0
Dominica,DMA,2014,0
Dominica,DMA,2015,0
Dominica,DMA,2016,0
Dominica,DMA,2017,0
Dominica,DMA,2018,0
Dominica,DMA,2019,0
Dominica,DMA,2020,0
Dominica,DMA,2021,0
Dominica,DMA,2022,0
Dominica,DMA,2023,0
Dominica,DMA,2024,0
Dominica,DMA,2025,0
Dominican Republic,DOM,2002,3434.54
Dominican Republic,DOM,2003,24471.092
Dominican Republic,DOM,2004,9831.367
Dominican Republic,DOM,2005,67810.68
Dominican Republic,DOM,2006,13952.816
Dominican Republic,DOM,2007,28377.879
Dominican Republic,DOM,2008,26703.541
Dominican Republic,DOM,2009,16035.007
Dominican Republic,DOM,2010,32391.996
Dominican Republic,DOM,2011,25437.057
Dominican Republic,DOM,2012,12385.813
Dominican Republic,DOM,2013,28098.824
Dominican Republic,DOM,2014,18847.033
Dominican Republic,DOM,2015,27175.799
Dominican Republic,DOM,2016,1846.067
Dominican Republic,DOM,2017,4271.709
Dominican Republic,DOM,2018,12192.613
Dominican Republic,DOM,2019,7684.783
Dominican Republic,DOM,2020,8199.961
Dominican Republic,DOM,2021,7427.196
Dominican Republic,DOM,2022,10883.196
Dominican Republic,DOM,2023,29708.764
Dominican Republic,DOM,2024,9230.323
Dominican Republic,DOM,2025,9681.106
East Timor,TLS,2002,23526.604
East Timor,TLS,2003,4529.299
East Timor,TLS,2004,20585.771
East Timor,TLS,2005,20671.63
East Timor,TLS,2006,23397.799
East Timor,TLS,2007,11892.092
East Timor,TLS,2008,14704.122
East Timor,TLS,2009,10690.001
East Timor,TLS,2010,0
East Timor,TLS,2011,3219.881
East Timor,TLS,2012,10754.4
East Timor,TLS,2013,601.044
East Timor,TLS,2014,20199.383
East Timor,TLS,2015,6246.572
East Timor,TLS,2016,1137.692
East Timor,TLS,2017,7362.795
East Timor,TLS,2018,4829.818
East Timor,TLS,2019,12793.659
East Timor,TLS,2020,5795.787
East Timor,TLS,2021,300.523
East Timor,TLS,2022,64.397995
East Timor,TLS,2023,6396.836
East Timor,TLS,2024,3563.3372
East Timor,TLS,2025,686.91
Ecuador,ECU,2002,6053.379
Ecuador,ECU,2003,18374.785
Ecuador,ECU,2004,23827.115
Ecuador,ECU,2005,46859.996
Ecuador,ECU,2006,22775.291
Ecuador,ECU,2007,29622.902
Ecuador,ECU,2008,3370.142
Ecuador,ECU,2009,41386.195
Ecuador,ECU,2010,9938.701
Ecuador,ECU,2011,57871.984
Ecuador,ECU,2012,46709.723
Ecuador,ECU,2013,28678.402
Ecuador,ECU,2014,12085.286
Ecuador,ECU,2015,24986.277
Ecuador,ECU,2016,80969.266
Ecuador,ECU,2017,18589.443
Ecuador,ECU,2018,26424.486
Ecuador,ECU,2019,59975.64
Ecuador,ECU,2020,44069.426
Ecuador,ECU,2021,36577.84
Ecuador,ECU,2022,75581.32
Ecuador,ECU,2023,23204.61
Ecuador,ECU,2024,88289.12
Ecuador,ECU,2025,7727.717
Egypt,EGY,2002,10389.48
Egypt,EGY,2003,6869.078
Egypt,EGY,2004,21015.084
Egypt,EGY,2005,17988.398
Egypt,EGY,2006,67553.086
Egypt,EGY,2007,65363.566
Egypt,EGY,2008,29794.627
Egypt,EGY,2009,33658.48
Egypt,EGY,2010,37694.062
Egypt,EGY,2011,31211.371
Egypt,EGY,2012,37951.656
Egypt,EGY,2013,96489.08
Egypt,EGY,2014,70665.64
Egypt,EGY,2015,44047.957
Egypt,EGY,2016,63989.75
Egypt,EGY,2017,31318.7
Egypt,EGY,2018,4743.956
Egypt,EGY,2019,11977.956
Egypt,EGY,2020,14854.379
Egypt,EGY,2021,18245.988
Egypt,EGY,2022,53235.355
Egypt,EGY,2023,88761.36
Egypt,EGY,2024,59374.59
Egypt,EGY,2025,48040.61
El Salvador,SLV,2002,4014.12
El Salvador,SLV,2003,7942.374
El Salvador,SLV,2004,8092.633
El Salvador,SLV,2005,6718.82
El Salvador,SLV,2006,6396.831
El Salvador,SLV,2007,3670.666
El Salvador,SLV,2008,3091.0881
El Salvador,SLV,2009,4507.834
El Salvador,SLV,2010,1867.532
El Salvador,SLV,2011,1588.475
El Salvador,SLV,2012,5409.402
El Salvador,SLV,2013,27819.77
El Salvador,SLV,2014,9702.575
El Salvador,SLV,2015,24857.484
El Salvador,SLV,2016,3091.088
El Salvador,SLV,2017,23934.45
El Salvador,SLV,2018,16593.121
El Salvador,SLV,2019,18310.387
El Salvador,SLV,2020,12729.266
El Salvador,SLV,2021,5108.877
El Salvador,SLV,2022,7341.331
El Salvador,SLV,2023,3284.282
El Salvador,SLV,2024,2361.25
El Salvador,SLV,2025,2210.984
Equatorial Guinea,GNQ,2002,0
Equatorial Guinea,GNQ,2003,0
Equatorial Guinea,GNQ,2004,0
Equatorial Guinea,GNQ,2005,0
Equatorial Guinea,GNQ,2006,85.864
Equatorial Guinea,GNQ,2007,21.466
Equatorial Guinea,GNQ,2008,64.398
Equatorial Guinea,GNQ,2009,0
Equatorial Guinea,GNQ,2010,21.466
Equatorial Guinea,GNQ,2011,0
Equatorial Guinea,GNQ,2012,0
Equatorial Guinea,GNQ,2013,0
Equatorial Guinea,GNQ,2014,42.932
Equatorial Guinea,GNQ,2015,0
Equatorial Guinea,GNQ,2016,0
Equatorial Guinea,GNQ,2017,42.932
Equatorial Guinea,GNQ,2018,42.932
Equatorial Guinea,GNQ,2019,0
Equatorial Guinea,GNQ,2020,386.386
Equatorial Guinea,GNQ,2021,21.466
Equatorial Guinea,GNQ,2022,42.932
Equatorial Guinea,GNQ,2023,364.921
Equatorial Guinea,GNQ,2024,1416.7471
Equatorial Guinea,GNQ,2025,708.373
Eritrea,ERI,2002,46881.453
Eritrea,ERI,2003,29279.441
Eritrea,ERI,2004,17988.396
Eritrea,ERI,2005,16571.648
Eritrea,ERI,2006,22238.637
Eritrea,ERI,2007,76461.42
Eritrea,ERI,2008,69892.87
Eritrea,ERI,2009,10088.957
Eritrea,ERI,2010,4529.297
Eritrea,ERI,2011,12128.215
Eritrea,ERI,2012,6203.636
Eritrea,ERI,2013,10582.674
Eritrea,ERI,2014,12321.406
Eritrea,ERI,2015,17644.943
Eritrea,ERI,2016,8006.7666
Eritrea,ERI,2017,2425.645
Eritrea,ERI,2018,7233.997
Eritrea,ERI,2019,38016.05
Eritrea,ERI,2020,77899.64
Eritrea,ERI,2021,33443.82
Eritrea,ERI,2022,34023.402
Eritrea,ERI,2023,55038.48
Eritrea,ERI,2024,12042.352
Eritrea,ERI,2025,59074.07
Estonia,EST,2002,4572.232
Estonia,EST,2003,5001.547
Estonia,EST,2004,1974.8629
Estonia,EST,2005,0
Estonia,EST,2006,3091.0889
Estonia,EST,2007,0
Estonia,EST,2008,751.305
Estonia,EST,2009,42.932
Estonia,EST,2010,279.057
Estonia,EST,2011,42.932
Estonia,EST,2012,107.33
Estonia,EST,2013,1266.486
Estonia,EST,2014,150.262
Estonia,EST,2015,364.921
Estonia,EST,2016,21.466
Estonia,EST,2017,450.784
Estonia,EST,2018,450.784
Estonia,EST,2019,321.988
Estonia,EST,2020,300.522
Estonia,EST,2021,85.864
Estonia,EST,2022,772.772
Estonia,EST,2023,1352.3519
Estonia,EST,2024,343.454
Estonia,EST,2025,42.932
Eswatini,SWZ,2002,80175.02
Eswatini,SWZ,2003,77770.84
Eswatini,SWZ,2004,66200.734
Eswatini,SWZ,2005,81956.69
Eswatini,SWZ,2006,37350.61
Eswatini,SWZ,2007,147685.17
Eswatini,SWZ,2008,114928.266
Eswatini,SWZ,2009,51668.344
Eswatini,SWZ,2010,108316.766
Eswatini,SWZ,2011,84747.25
Eswatini,SWZ,2012,88181.78
Eswatini,SWZ,2013,88654.03
Eswatini,SWZ,2014,89319.48
Eswatini,SWZ,2015,49264.17
Eswatini,SWZ,2016,39261.074
Eswatini,SWZ,2017,45250.055
Eswatini,SWZ,2018,45743.773
Eswatini,SWZ,2019,125596.79
Eswatini,SWZ,2020,52119.133
Eswatini,SWZ,2021,80561.41
Eswatini,SWZ,2022,41944.312
Eswatini,SWZ,2023,60125.895
Eswatini,SWZ,2024,134290.47
Eswatini,SWZ,2025,60104.43
Ethiopia,ETH,2002,8445145
Ethiopia,ETH,2003,6435639
Ethiopia,ETH,2004,6720147
Ethiopia,ETH,2005,7839742.5
Ethiopia,ETH,2006,5453189
Ethiopia,ETH,2007,7280020.5
Ethiopia,ETH,2008,5623070
Ethiopia,ETH,2009,6231927.5
Ethiopia,ETH,2010,5405470
Ethiopia,ETH,2011,5646253
Ethiopia,ETH,2012,6064021.5
Ethiopia,ETH,2013,5896759.5
Ethiopia,ETH,2014,5229171.5
Ethiopia,ETH,2015,6155402
Ethiopia,ETH,2016,5900666.5
Ethiopia,ETH,2017,4915104
Ethiopia,ETH,2018,5155650.5
Ethiopia,ETH,2019,4405032
Ethiopia,ETH,2020,4631304
Ethiopia,ETH,2021,4996009
Ethiopia,ETH,2022,4005531
Ethiopia,ETH,2023,4667989
Ethiopia,ETH,2024,4012464.2
Ethiopia,ETH,2025,4355081
Europe,OWID_EUR,2002,18750220
Europe,OWID_EUR,2003,24210408
Europe,OWID_EUR,2004,12636055
Europe,OWID_EUR,2005,16748056
Europe,OWID_EUR,2006,17254372
Europe,OWID_EUR,2007,14713221
Europe,OWID_EUR,2008,29236768
Europe,OWID_EUR,2009,15874631
Europe,OWID_EUR,2010,12926767
Europe,OWID_EUR,2011,14867474
Europe,OWID_EUR,2012,16814794
Europe,OWID_EUR,2013,8128115
Europe,OWID_EUR,2014,22740638
Europe,OWID_EUR,2015,12658529
Europe,OWID_EUR,2016,11512553
Europe,OWID_EUR,2017,11901171
Europe,OWID_EUR,2018,13435851
Europe,OWID_EUR,2019,14405980
Europe,OWID_EUR,2020,12149509
Europe,OWID_EUR,2021,13977779
Europe,OWID_EUR,2022,9308695
Europe,OWID_EUR,2023,9029188
Europe,OWID_EUR,2024,11589529
Europe,OWID_EUR,2025,7554890.5
Faroe Islands,FRO,2002,0
Faroe Islands,FRO,2003,0
Faroe Islands,FRO,2004,0
Faroe Islands,FRO,2005,0
Faroe Islands,FRO,2006,0
Faroe Islands,FRO,2007,0
Faroe Islands,FRO,2008,0
Faroe Islands,FRO,2009,0
Faroe Islands,FRO,2010,0
Faroe Islands,FRO,2011,0
Faroe Islands,FRO,2012,0
Faroe Islands,FRO,2013,0
Faroe Islands,FRO,2014,0
Faroe Islands,FRO,2015,0
Faroe Islands,FRO,2016,0
Faroe Islands,FRO,2017,0
Faroe Islands,FRO,2018,0
Faroe Islands,FRO,2019,0
Faroe Islands,FRO,2020,0
Faroe Islands,FRO,2021,0
Faroe Islands,FRO,2022,0
Faroe Islands,FRO,2023,0
Faroe Islands,FRO,2024,0
Faroe Islands,FRO,2025,0
Fiji,FJI,2002,0
Fiji,FJI,2003,11570.103
Fiji,FJI,2004,1116.226
Fiji,FJI,2005,42.932
Fiji,FJI,2006,171.726
Fiji,FJI,2007,2511.506
Fiji,FJI,2008,1287.952
Fiji,FJI,2009,7920.905
Fiji,FJI,2010,4894.22
Fiji,FJI,2011,0
Fiji,FJI,2012,0
Fiji,FJI,2013,343.453
Fiji,FJI,2014,13137.115
Fiji,FJI,2015,7899.439
Fiji,FJI,2016,1330.8839
Fiji,FJI,2017,1953.394
Fiji,FJI,2018,2361.246
Fiji,FJI,2019,300.522
Fiji,FJI,2020,0
Fiji,FJI,2021,729.841
Fiji,FJI,2022,837.17
Fiji,FJI,2023,1567.01
Fiji,FJI,2024,429.31702
Fiji,FJI,2025,0
Finland,FIN,2002,214.65799
Finland,FIN,2003,9573.778
Finland,FIN,2004,0
Finland,FIN,2005,64.397995
Finland,FIN,2006,9960.164
Finland,FIN,2007,1803.1329
Finland,FIN,2008,5108.877
Finland,FIN,2009,3048.153
Finland,FIN,2010,944.497
Finland,FIN,2011,2146.588
Finland,FIN,2012,0
Finland,FIN,2013,1137.69
Finland,FIN,2014,85.864
Finland,FIN,2015,493.717
Finland,FIN,2016,2661.769
Finland,FIN,2017,0
Finland,FIN,2018,1652.873
Finland,FIN,2019,2683.2341
Finland,FIN,2020,0
Finland,FIN,2021,923.034
Finland,FIN,2022,0
Finland,FIN,2023,0
Finland,FIN,2024,0
Finland,FIN,2025,42.932
France,FRA,2002,96231.48
France,FRA,2003,73026.88
France,FRA,2004,67123.77
France,FRA,2005,57936.383
France,FRA,2006,30717.658
France,FRA,2007,11698.903
France,FRA,2008,51603.95
France,FRA,2009,29150.648
France,FRA,2010,32885.715
France,FRA,2011,15562.758
France,FRA,2012,40871.016
France,FRA,2013,9251.792
France,FRA,2014,27626.576
France,FRA,2015,16593.121
France,FRA,2016,22882.62
France,FRA,2017,52655.78
France,FRA,2018,1373.816
France,FRA,2019,47503.97
France,FRA,2020,8994.2
France,FRA,2021,21337.074
France,FRA,2022,56240.574
France,FRA,2023,17473.219
France,FRA,2024,3799.46
France,FRA,2025,18997.299
French Guiana,GUF,2002,2404.177
French Guiana,GUF,2003,3284.279
French Guiana,GUF,2004,4400.502
French Guiana,GUF,2005,4572.23
French Guiana,GUF,2006,1137.692
French Guiana,GUF,2007,1008.896
French Guiana,GUF,2008,5795.785
French Guiana,GUF,2009,3069.621
French Guiana,GUF,2010,2661.768
French Guiana,GUF,2011,21.466
French Guiana,GUF,2012,2253.916
French Guiana,GUF,2013,107.33
French Guiana,GUF,2014,1309.42
French Guiana,GUF,2015,1223.556
French Guiana,GUF,2016,3134.017
French Guiana,GUF,2017,85.864
French Guiana,GUF,2018,1567.01
French Guiana,GUF,2019,321.988
French Guiana,GUF,2020,128.795
French Guiana,GUF,2021,128.795
French Guiana,GUF,2022,515.181
French Guiana,GUF,2023,3928.2559
French Guiana,GUF,2024,407.853
French Guiana,GUF,2025,2210.9849
French Polynesia,PYF,2002,0
French Polynesia,PYF,2003,0
French Polynesia,PYF,2004,0
French Polynesia,PYF,2005,0
French Polynesia,PYF,2006,0
French Polynesia,PYF,2007,0
French Polynesia,PYF,2008,0
French Polynesia,PYF,2009,0
French Polynesia,PYF,2010,0
French Polynesia,PYF,2011,0
French Polynesia,PYF,2012,0
French Polynesia,PYF,2013,0
French Polynesia,PYF,2014,0
French Polynesia,PYF,2015,0
French Polynesia,PYF,2016,0
French Polynesia,PYF,2017,0
French Polynesia,PYF,2018,0
French Polynesia,PYF,2019,0
French Polynesia,PYF,2020,0
French Polynesia,PYF,2021,0
French Polynesia,PYF,2022,0
French Polynesia,PYF,2023,0
French Polynesia,PYF,2024,0
French Polynesia,PYF,2025,0
French Southern Territories,ATF,2002,0
French Southern Territories,ATF,2003,0
French Southern Territories,ATF,2004,0
French Southern Territories,ATF,2005,0
French Southern Territories,ATF,2006,0
French Southern Territories,ATF,2007,0
French Southern Territories,ATF,2008,0
French Southern Territories,ATF,2009,0
French Southern Territories,ATF,2010,0
French Southern Territories,ATF,2011,0
French Southern Territories,ATF,2012,0
French Southern Territories,ATF,2013,0
French Southern Territories,ATF,2014,0
French Southern Territories,ATF,2015,0
French Southern Territories,ATF,2016,0
French Southern Territories,ATF,2017,0
French Southern Territories,ATF,2018,0
French Southern Territories,ATF,2019,0
French Southern Territories,ATF,2020,0
French Southern Territories,ATF,2021,0
French Southern Territories,ATF,2022,0
French Southern Territories,ATF,2023,0
French Southern Territories,ATF,2024,0
French Southern Territories,ATF,2025,0
Gabon,GAB,2002,214465.48
Gabon,GAB,2003,285431.66
Gabon,GAB,2004,431184.88
Gabon,GAB,2005,301101.72
Gabon,GAB,2006,429081.22
Gabon,GAB,2007,385076.2
Gabon,GAB,2008,492877.78
Gabon,GAB,2009,312779.16
Gabon,GAB,2010,359553.28
Gabon,GAB,2011,479547.5
Gabon,GAB,2012,436100.56
Gabon,GAB,2013,476112.94
Gabon,GAB,2014,332613.62
Gabon,GAB,2015,352491
Gabon,GAB,2016,406649.4
Gabon,GAB,2017,454131.9
Gabon,GAB,2018,305030
Gabon,GAB,2019,468320.8
Gabon,GAB,2020,361249.1
Gabon,GAB,2021,284336.88
Gabon,GAB,2022,514021.7
Gabon,GAB,2023,378099.78
Gabon,GAB,2024,638888.6
Gabon,GAB,2025,443398.97
Gambia,GMB,2002,288673
Gambia,GMB,2003,166618.06
Gambia,GMB,2004,272251.6
Gambia,GMB,2005,266284.1
Gambia,GMB,2006,373871.03
Gambia,GMB,2007,322782.25
Gambia,GMB,2008,261282.53
Gambia,GMB,2009,303548.84
Gambia,GMB,2010,249733.9
Gambia,GMB,2011,279442.7
Gambia,GMB,2012,208347.72
Gambia,GMB,2013,211567.6
Gambia,GMB,2014,155090.89
Gambia,GMB,2015,96167.086
Gambia,GMB,2016,218415.2
Gambia,GMB,2017,200641.47
Gambia,GMB,2018,179540.52
Gambia,GMB,2019,149939.1
Gambia,GMB,2020,225069.61
Gambia,GMB,2021,199718.44
Gambia,GMB,2022,201070.78
Gambia,GMB,2023,263557.94
Gambia,GMB,2024,239687.88
Gambia,GMB,2025,164385.61
Georgia,GEO,2002,2726.165
Georgia,GEO,2003,6353.896
Georgia,GEO,2004,18589.44
Georgia,GEO,2005,30996.715
Georgia,GEO,2006,32349.066
Georgia,GEO,2007,11806.229
Georgia,GEO,2008,10561.208
Georgia,GEO,2009,1910.463
Georgia,GEO,2010,32499.326
Georgia,GEO,2011,8436.086
Georgia,GEO,2012,4486.3647
Georgia,GEO,2013,6611.49
Georgia,GEO,2014,4851.288
Georgia,GEO,2015,48791.918
Georgia,GEO,2016,29064.785
Georgia,GEO,2017,22431.832
Georgia,GEO,2018,13287.373
Georgia,GEO,2019,45529.105
Georgia,GEO,2020,27798.3
Georgia,GEO,2021,12063.817
Georgia,GEO,2022,7985.304
Georgia,GEO,2023,2790.563
Georgia,GEO,2024,10453.876
Georgia,GEO,2025,37715.53
Germany,DEU,2002,923.032
Germany,DEU,2003,2339.779
Germany,DEU,2004,772.773
Germany,DEU,2005,1567.0089
Germany,DEU,2006,1803.134
Germany,DEU,2007,794.23804
Germany,DEU,2008,14038.678
Germany,DEU,2009,300.523
Germany,DEU,2010,0
Germany,DEU,2011,923.03296
Germany,DEU,2012,128.796
Germany,DEU,2013,450.784
Germany,DEU,2014,2575.904
Germany,DEU,2015,4099.981
Germany,DEU,2016,300.522
Germany,DEU,2017,1910.462
Germany,DEU,2018,4486.367
Germany,DEU,2019,5302.068
Germany,DEU,2020,407.852
Germany,DEU,2021,64.397995
Germany,DEU,2022,2876.43
Germany,DEU,2023,236.125
Germany,DEU,2024,128.796
Germany,DEU,2025,6697.355
Ghana,GHA,2002,6496945.5
Ghana,GHA,2003,7129909.5
Ghana,GHA,2004,5448552.5
Ghana,GHA,2005,8964318
Ghana,GHA,2006,7308720
Ghana,GHA,2007,6340781
Ghana,GHA,2008,6321505
Ghana,GHA,2009,5272918.5
Ghana,GHA,2010,5707817
Ghana,GHA,2011,7694440
Ghana,GHA,2012,5527868.5
Ghana,GHA,2013,6607773.5
Ghana,GHA,2014,5999752.5
Ghana,GHA,2015,6476295
Ghana,GHA,2016,6200158.5
Ghana,GHA,2017,6157205
Ghana,GHA,2018,4895248
Ghana,GHA,2019,4774159
Ghana,GHA,2020,6854395
Ghana,GHA,2021,4491346.5
Ghana,GHA,2022,6600711.5
Ghana,GHA,2023,4244875.5
Ghana,GHA,2024,5518338
Ghana,GHA,2025,2735288.2
Greece,GRC,2002,21401.473
Greece,GRC,2003,11677.434
Greece,GRC,2004,54823.83
Greece,GRC,2005,32606.654
Greece,GRC,2006,34388.32
Greece,GRC,2007,312306.9
Greece,GRC,2008,113575.914
Greece,GRC,2009,50917.04
Greece,GRC,2010,20414.041
Greece,GRC,2011,72962.484
Greece,GRC,2012,91723.66
Greece,GRC,2013,65964.61
Greece,GRC,2014,47761.555
Greece,GRC,2015,27261.654
Greece,GRC,2016,56841.617
Greece,GRC,2017,40012.38
Greece,GRC,2018,27733.9
Greece,GRC,2019,20113.521
Greece,GRC,2020,15648.615
Greece,GRC,2021,129031.33
Greece,GRC,2022,26016.633
Greece,GRC,2023,169752.08
Greece,GRC,2024,42867.34
Greece,GRC,2025,49564.69
Greenland,GRL,2002,0
Greenland,GRL,2003,0
Greenland,GRL,2004,0
Greenland,GRL,2005,0
Greenland,GRL,2006,0
Greenland,GRL,2007,0
Greenland,GRL,2008,0
Greenland,GRL,2009,0
Greenland,GRL,2010,0
Greenland,GRL,2011,0
Greenland,GRL,2012,0
Greenland,GRL,2013,0
Greenland,GRL,2014,0
Greenland,GRL,2015,0
Greenland,GRL,2016,0
Greenland,GRL,2017,2146.5872
Greenland,GRL,2018,0
Greenland,GRL,2019,364.92
Greenland,GRL,2020,0
Greenland,GRL,2021,0
Greenland,GRL,2022,0
Greenland,GRL,2023,0
Greenland,GRL,2024,0
Greenland,GRL,2025,0
Grenada,GRD,2002,0
Grenada,GRD,2003,0
Grenada,GRD,2004,21.466
Grenada,GRD,2005,0
Grenada,GRD,2006,0
Grenada,GRD,2007,0
Grenada,GRD,2008,0
Grenada,GRD,2009,0
Grenada,GRD,2010,0
Grenada,GRD,2011,0
Grenada,GRD,2012,0
Grenada,GRD,2013,21.466
Grenada,GRD,2014,0
Grenada,GRD,2015,21.466
Grenada,GRD,2016,42.932
Grenada,GRD,2017,0
Grenada,GRD,2018,42.932
Grenada,GRD,2019,0
Grenada,GRD,2020,0
Grenada,GRD,2021,0
Grenada,GRD,2022,0
Grenada,GRD,2023,42.932
Grenada,GRD,2024,21.466
Grenada,GRD,2025,0
Guadeloupe,GLP,2002,0
Guadeloupe,GLP,2003,0
Guadeloupe,GLP,2004,0
Guadeloupe,GLP,2005,0
Guadeloupe,GLP,2006,0
Guadeloupe,GLP,2007,0
Guadeloupe,GLP,2008,0
Guadeloupe,GLP,2009,0
Guadeloupe,GLP,2010,21.466
Guadeloupe,GLP,2011,0
Guadeloupe,GLP,2012,0
Guadeloupe,GLP,2013,0
Guadeloupe,GLP,2014,0
Guadeloupe,GLP,2015,0
Guadeloupe,GLP,2016,0
Guadeloupe,GLP,2017,0
Guadeloupe,GLP,2018,0
Guadeloupe,GLP,2019,0
Guadeloupe,GLP,2020,0
Guadeloupe,GLP,2021,0
Guadeloupe,GLP,2022,0
Guadeloupe,GLP,2023,0
Guadeloupe,GLP,2024,0
Guadeloupe,GLP,2025,0
Guam,GUM,2002,0
Guam,GUM,2003,0
Guam,GUM,2004,0
Guam,GUM,2005,0
Guam,GUM,2006,0
Guam,GUM,2007,0
Guam,GUM,2008,0
Guam,GUM,2009,0
Guam,GUM,2010,0
Guam,GUM,2011,0
Guam,GUM,2012,0
Guam,GUM,2013,0
Guam,GUM,2014,0
Guam,GUM,2015,0
Guam,GUM,2016,0
Guam,GUM,2017,0
Guam,GUM,2018,0
Guam,GUM,2019,0
Guam,GUM,2020,0
Guam,GUM,2021,0
Guam,GUM,2022,0
Guam,GUM,2023,0
Guam,GUM,2024,0
Guam,GUM,2025,0
Guatemala,GTM,2002,329694.28
Guatemala,GTM,2003,852838.94
Guatemala,GTM,2004,150797.73
Guatemala,GTM,2005,647582.3
Guatemala,GTM,2006,227645.53
Guatemala,GTM,2007,545898.5
Guatemala,GTM,2008,240074.27
Guatemala,GTM,2009,415257.22
Guatemala,GTM,2010,288952.06
Guatemala,GTM,2011,268709.75
Guatemala,GTM,2012,242585.77
Guatemala,GTM,2013,345128.22
Guatemala,GTM,2014,191947.81
Guatemala,GTM,2015,275213.9
Guatemala,GTM,2016,365993.03
Guatemala,GTM,2017,308013.75
Guatemala,GTM,2018,180399.16
Guatemala,GTM,2019,268688.28
Guatemala,GTM,2020,318274.44
Guatemala,GTM,2021,185508.03
Guatemala,GTM,2022,194738.34
Guatemala,GTM,2023,237391.02
Guatemala,GTM,2024,368611.9
Guatemala,GTM,2025,215281.19
Guernsey,GGY,2002,0
Guernsey,GGY,2003,0
Guernsey,GGY,2004,0
Guernsey,GGY,2005,42.932
Guernsey,GGY,2006,0
Guernsey,GGY,2007,0
Guernsey,GGY,2008,0
Guernsey,GGY,2009,0
Guernsey,GGY,2010,0
Guernsey,GGY,2011,0
Guernsey,GGY,2012,0
Guernsey,GGY,2013,0
Guernsey,GGY,2014,0
Guernsey,GGY,2015,0
Guernsey,GGY,2016,0
Guernsey,GGY,2017,0
Guernsey,GGY,2018,0
Guernsey,GGY,2019,0
Guernsey,GGY,2020,0
Guernsey,GGY,2021,0
Guernsey,GGY,2022,0
Guernsey,GGY,2023,0
Guernsey,GGY,2024,0
Guernsey,GGY,2025,0
Guinea,GIN,2002,4980059.5
Guinea,GIN,2003,4221864
Guinea,GIN,2004,3683263.8
Guinea,GIN,2005,5081185.5
Guinea,GIN,2006,4559007
Guinea,GIN,2007,4201514.5
Guinea,GIN,2008,4515946
Guinea,GIN,2009,3931216
Guinea,GIN,2010,3475645.8
Guinea,GIN,2011,3927266.2
Guinea,GIN,2012,4762395.5
Guinea,GIN,2013,4375452
Guinea,GIN,2014,3986812.8
Guinea,GIN,2015,3276571.5
Guinea,GIN,2016,6083620
Guinea,GIN,2017,4391616
Guinea,GIN,2018,2948616
Guinea,GIN,2019,3610881
Guinea,GIN,2020,3982648.2
Guinea,GIN,2021,2811835.5
Guinea,GIN,2022,4082507.2
Guinea,GIN,2023,3201269.2
Guinea,GIN,2024,3525253.5
Guinea,GIN,2025,2319494.2
Guinea-Bissau,GNB,2002,752249.9
Guinea-Bissau,GNB,2003,722305
Guinea-Bissau,GNB,2004,623218.56
Guinea-Bissau,GNB,2005,522565.06
Guinea-Bissau,GNB,2006,712301.9
Guinea-Bissau,GNB,2007,614009.7
Guinea-Bissau,GNB,2008,364018.2
Guinea-Bissau,GNB,2009,402613.8
Guinea-Bissau,GNB,2010,404502.8
Guinea-Bissau,GNB,2011,340920.9
Guinea-Bissau,GNB,2012,527223.2
Guinea-Bissau,GNB,2013,330295.3
Guinea-Bissau,GNB,2014,429811.06
Guinea-Bissau,GNB,2015,493843.75
Guinea-Bissau,GNB,2016,333000
Guinea-Bissau,GNB,2017,358050.66
Guinea-Bissau,GNB,2018,407100.2
Guinea-Bissau,GNB,2019,378400.3
Guinea-Bissau,GNB,2020,372218.16
Guinea-Bissau,GNB,2021,235523.5
Guinea-Bissau,GNB,2022,300543.6
Guinea-Bissau,GNB,2023,208326.25
Guinea-Bissau,GNB,2024,307412.7
Guinea-Bissau,GNB,2025,225241.34
Guyana,GUY,2002,55124.35
Guyana,GUY,2003,163741.64
Guyana,GUY,2004,80024.76
Guyana,GUY,2005,64698.13
Guyana,GUY,2006,51453.688
Guyana,GUY,2007,60641.082
Guyana,GUY,2008,40699.285
Guyana,GUY,2009,71975.06
Guyana,GUY,2010,68433.19
Guyana,GUY,2011,52119.133
Guyana,GUY,2012,74250.44
Guyana,GUY,2013,75152.01
Guyana,GUY,2014,100674.92
Guyana,GUY,2015,168464.14
Guyana,GUY,2016,82407.48
Guyana,GUY,2017,83695.42
Guyana,GUY,2018,71653.08
Guyana,GUY,2019,102156.07
Guyana,GUY,2020,157623.86
Guyana,GUY,2021,27648.037
Guyana,GUY,2022,26918.2
Guyana,GUY,2023,172843.17
Guyana,GUY,2024,251859.03
Guyana,GUY,2025,90693.3
Haiti,HTI,2002,1953.3949
Haiti,HTI,2003,622.51105
Haiti,HTI,2004,4507.834
Haiti,HTI,2005,3112.552
Haiti,HTI,2006,4121.448
Haiti,HTI,2007,2125.121
Haiti,HTI,2008,4400.504
Haiti,HTI,2009,2468.574
Haiti,HTI,2010,1223.555
Haiti,HTI,2011,2082.189
Haiti,HTI,2012,2769.099
Haiti,HTI,2013,2125.121
Haiti,HTI,2014,1695.805
Haiti,HTI,2015,1180.622
Haiti,HTI,2016,1931.93
Haiti,HTI,2017,1159.157
Haiti,HTI,2018,3005.2231
Haiti,HTI,2019,1330.884
Haiti,HTI,2020,3863.858
Haiti,HTI,2021,1846.067
Haiti,HTI,2022,1545.542
Haiti,HTI,2023,5495.2627
Haiti,HTI,2024,1717.272
Haiti,HTI,2025,6396.828
Honduras,HND,2002,110720.95
Honduras,HND,2003,702491.94
Honduras,HND,2004,59803.914
Honduras,HND,2005,578011.4
Honduras,HND,2006,251472.64
Honduras,HND,2007,168313.88
Honduras,HND,2008,211782.25
Honduras,HND,2009,249433.39
Honduras,HND,2010,173530.08
Honduras,HND,2011,440737.2
Honduras,HND,2012,69957.266
Honduras,HND,2013,274655.78
Honduras,HND,2014,362258
Honduras,HND,2015,166510.75
Honduras,HND,2016,281353.12
Honduras,HND,2017,134934.44
Honduras,HND,2018,329865.97
Honduras,HND,2019,305523.72
Honduras,HND,2020,756006.44
Honduras,HND,2021,109862.31
Honduras,HND,2022,106062.86
Honduras,HND,2023,492405.53
Honduras,HND,2024,419700.66
Honduras,HND,2025,88224.72
Hong Kong,HKG,2002,0
Hong Kong,HKG,2003,1008.897
Hong Kong,HKG,2004,1287.956
Hong Kong,HKG,2005,150.261
Hong Kong,HKG,2006,1330.885
Hong Kong,HKG,2007,279.057
Hong Kong,HKG,2008,1330.885
Hong Kong,HKG,2009,1051.829
Hong Kong,HKG,2010,493.716
Hong Kong,HKG,2011,171.728
Hong Kong,HKG,2012,300.522
Hong Kong,HKG,2013,751.30597
Hong Kong,HKG,2014,64.397995
Hong Kong,HKG,2015,0
Hong Kong,HKG,2016,1137.691
Hong Kong,HKG,2017,21.466
Hong Kong,HKG,2018,472.24902
Hong Kong,HKG,2019,0
Hong Kong,HKG,2020,0
Hong Kong,HKG,2021,579.57904
Hong Kong,HKG,2022,0
Hong Kong,HKG,2023,42.932
Hong Kong,HKG,2024,0
Hong Kong,HKG,2025,364.91998
Hungary,HUN,2002,20092.053
Hungary,HUN,2003,33357.96
Hungary,HUN,2004,18632.377
Hungary,HUN,2005,7255.462
Hungary,HUN,2006,28206.154
Hungary,HUN,2007,29279.45
Hungary,HUN,2008,15820.345
Hungary,HUN,2009,9165.928
Hungary,HUN,2010,2640.302
Hungary,HUN,2011,12536.068
Hungary,HUN,2012,16657.514
Hungary,HUN,2013,2425.645
Hungary,HUN,2014,26102.496
Hungary,HUN,2015,3434.539
Hungary,HUN,2016,128.796
Hungary,HUN,2017,2983.7559
Hungary,HUN,2018,279.057
Hungary,HUN,2019,2919.359
Hungary,HUN,2020,1266.486
Hungary,HUN,2021,257.592
Hungary,HUN,2022,4464.901
Hungary,HUN,2023,1202.089
Hungary,HUN,2024,3219.8809
Hungary,HUN,2025,1545.544
Iceland,ISL,2002,0
Iceland,ISL,2003,0
Iceland,ISL,2004,0
Iceland,ISL,2005,0
Iceland,ISL,2006,1888.997
Iceland,ISL,2007,0
Iceland,ISL,2008,0
Iceland,ISL,2009,0
Iceland,ISL,2010,0
Iceland,ISL,2011,0
Iceland,ISL,2012,0
Iceland,ISL,2013,0
Iceland,ISL,2014,0
Iceland,ISL,2015,0
Iceland,ISL,2016,0
Iceland,ISL,2017,0
Iceland,ISL,2018,0
Iceland,ISL,2019,0
Iceland,ISL,2020,0
Iceland,ISL,2021,0
Iceland,ISL,2022,42.932
Iceland,ISL,2023,64.397995
Iceland,ISL,2024,1695.804
Iceland,ISL,2025,0
India,IND,2002,2088113.8
India,IND,2003,2859210.8
India,IND,2004,4027039.8
India,IND,2005,3358013
India,IND,2006,3055322.8
India,IND,2007,3771166.5
India,IND,2008,3441708.5
India,IND,2009,5638460.5
India,IND,2010,4831065
India,IND,2011,4350101
India,IND,2012,5977020.5
India,IND,2013,4578583.5
India,IND,2014,4350187
India,IND,2015,3859305.2
India,IND,2016,5216678
India,IND,2017,5175420.5
India,IND,2018,5541821.5
India,IND,2019,4829112
India,IND,2020,4528847.5
India,IND,2021,6785081.5
India,IND,2022,5721512.5
India,IND,2023,4046681
India,IND,2024,3461349.8
India,IND,2025,5299515
Indonesia,IDN,2002,2707103.5
Indonesia,IDN,2003,748557.75
Indonesia,IDN,2004,2453312.5
Indonesia,IDN,2005,769594.3
Indonesia,IDN,2006,3082799
Indonesia,IDN,2007,340706.28
Indonesia,IDN,2008,226207.33
Indonesia,IDN,2009,1823482.6
Indonesia,IDN,2010,114992.66
Indonesia,IDN,2011,819073.1
Indonesia,IDN,2012,905151.25
Indonesia,IDN,2013,586812.44
Indonesia,IDN,2014,2127396.2
Indonesia,IDN,2015,2581614
Indonesia,IDN,2016,239816.69
Indonesia,IDN,2017,162110.23
Indonesia,IDN,2018,717282
Indonesia,IDN,2019,2086310.6
Indonesia,IDN,2020,170481.94
Indonesia,IDN,2021,71889.195
Indonesia,IDN,2022,52183.53
Indonesia,IDN,2023,1110064.4
Indonesia,IDN,2024,134891.53
Indonesia,IDN,2025,98721.54
Iran,IRN,2002,326088
Iran,IRN,2003,256280.98
Iran,IRN,2004,293052.03
Iran,IRN,2005,252739.12
Iran,IRN,2006,270598.75
Iran,IRN,2007,388897.12
Iran,IRN,2008,150304.02
Iran,IRN,2009,166017.03
Iran,IRN,2010,555794.25
Iran,IRN,2011,211245.61
Iran,IRN,2012,100460.266
Iran,IRN,2013,182610.14
Iran,IRN,2014,178875.1
Iran,IRN,2015,182653.08
Iran,IRN,2016,234600.48
Iran,IRN,2017,213649.78
Iran,IRN,2018,121518.28
Iran,IRN,2019,287986.1
Iran,IRN,2020,287556.78
Iran,IRN,2021,185572.42
Iran,IRN,2022,73649.4
Iran,IRN,2023,355388.9
Iran,IRN,2024,647754
Iran,IRN,2025,300006.97
Iraq,IRQ,2002,103937.73
Iraq,IRQ,2003,94836.21
Iraq,IRQ,2004,43940.633
Iraq,IRQ,2005,39475.734
Iraq,IRQ,2006,37865.793
Iraq,IRQ,2007,83437.83
Iraq,IRQ,2008,139163.22
Iraq,IRQ,2009,88568.17
Iraq,IRQ,2010,192269.78
Iraq,IRQ,2011,64826.918
Iraq,IRQ,2012,44434.348
Iraq,IRQ,2013,66222.2
Iraq,IRQ,2014,152794.05
Iraq,IRQ,2015,333321.97
Iraq,IRQ,2016,273775.7
Iraq,IRQ,2017,125940.25
Iraq,IRQ,2018,139377.88
Iraq,IRQ,2019,1448044.5
Iraq,IRQ,2020,782194.75
Iraq,IRQ,2021,165974.1
Iraq,IRQ,2022,64225.875
Iraq,IRQ,2023,206909.5
Iraq,IRQ,2024,458661.2
Iraq,IRQ,2025,109475.93
Ireland,IRL,2002,0
Ireland,IRL,2003,1159.158
Ireland,IRL,2004,0
Ireland,IRL,2005,579.579
Ireland,IRL,2006,815.703
Ireland,IRL,2007,3434.542
Ireland,IRL,2008,0
Ireland,IRL,2009,0
Ireland,IRL,2010,7233.999
Ireland,IRL,2011,5345.001
Ireland,IRL,2012,128.795
Ireland,IRL,2013,0
Ireland,IRL,2014,0
Ireland,IRL,2015,4357.571
Ireland,IRL,2016,128.796
Ireland,IRL,2017,4636.628
Ireland,IRL,2018,1202.0911
Ireland,IRL,2019,965.965
Ireland,IRL,2020,579.579
Ireland,IRL,2021,0
Ireland,IRL,2022,1137.6909
Ireland,IRL,2023,0
Ireland,IRL,2024,0
Ireland,IRL,2025,1008.896
Isle of Man,IMN,2002,0
Isle of Man,IMN,2003,0
Isle of Man,IMN,2004,0
Isle of Man,IMN,2005,0
Isle of Man,IMN,2006,0
Isle of Man,IMN,2007,0
Isle of Man,IMN,2008,0
Isle of Man,IMN,2009,0
Isle of Man,IMN,2010,0
Isle of Man,IMN,2011,0
Isle of Man,IMN,2012,0
Isle of Man,IMN,2013,0
Isle of Man,IMN,2014,0
Isle of Man,IMN,2015,0
Isle of Man,IMN,2016,0
Isle of Man,IMN,2017,0
Isle of Man,IMN,2018,0
Isle of Man,IMN,2019,0
Isle of Man,IMN,2020,0
Isle of Man,IMN,2021,0
Isle of Man,IMN,2022,0
Isle of Man,IMN,2023,0
Isle of Man,IMN,2024,0
Isle of Man,IMN,2025,0
Israel,ISR,2002,6611.4883
Israel,ISR,2003,3498.937
Israel,ISR,2004,2940.8252
Israel,ISR,2005,4658.0938
Israel,ISR,2006,3477.4697
Israel,ISR,2007,2210.984
Israel,ISR,2008,407.851
Israel,ISR,2009,2189.5178
Israel,ISR,2010,11419.842
Israel,ISR,2011,2511.5068
Israel,ISR,2012,1781.667
Israel,ISR,2013,7920.9053
Israel,ISR,2014,815.703
Israel,ISR,2015,1116.225
Israel,ISR,2016,2532.9731
Israel,ISR,2017,1609.941
Israel,ISR,2018,85.864
Israel,ISR,2019,2919.3591
Israel,ISR,2020,1910.463
Israel,ISR,2021,2318.314
Israel,ISR,2022,364.92
Israel,ISR,2023,2790.563
Israel,ISR,2024,6890.543
Israel,ISR,2025,1567.008
Italy,ITA,2002,75753.05
Italy,ITA,2003,153030.17
Italy,ITA,2004,166682.47
Italy,ITA,2005,54931.156
Italy,ITA,2006,50702.387
Italy,ITA,2007,227302.08
Italy,ITA,2008,130190.49
Italy,ITA,2009,54287.18
Italy,ITA,2010,71889.195
Italy,ITA,2011,86700.64
Italy,ITA,2012,155005.05
Italy,ITA,2013,35719.203
Italy,ITA,2014,102005.805
Italy,ITA,2015,17387.355
Italy,ITA,2016,54974.086
Italy,ITA,2017,118491.59
Italy,ITA,2018,17602.012
Italy,ITA,2019,69656.75
Italy,ITA,2020,38080.457
Italy,ITA,2021,205492.75
Italy,ITA,2022,38209.25
Italy,ITA,2023,90800.62
Italy,ITA,2024,15820.347
Italy,ITA,2025,49843.75
Jamaica,JAM,2002,880.101
Jamaica,JAM,2003,1416.7479
Jamaica,JAM,2004,171.727
Jamaica,JAM,2005,3219.8809
Jamaica,JAM,2006,4400.506
Jamaica,JAM,2007,1438.216
Jamaica,JAM,2008,107.33
Jamaica,JAM,2009,3971.186
Jamaica,JAM,2010,965.963
Jamaica,JAM,2011,1223.556
Jamaica,JAM,2012,1931.929
Jamaica,JAM,2013,2575.905
Jamaica,JAM,2014,665.442
Jamaica,JAM,2015,2146.587
Jamaica,JAM,2016,708.375
Jamaica,JAM,2017,1567.009
Jamaica,JAM,2018,1395.2839
Jamaica,JAM,2019,3906.79
Jamaica,JAM,2020,1738.735
Jamaica,JAM,2021,558.113
Jamaica,JAM,2022,450.784
Jamaica,JAM,2023,708.37396
Jamaica,JAM,2024,2575.905
Jamaica,JAM,2025,944.498
Japan,JPN,2002,13609.363
Japan,JPN,2003,13716.691
Japan,JPN,2004,6096.309
Japan,JPN,2005,10110.426
Japan,JPN,2006,14038.677
Japan,JPN,2007,14618.258
Japan,JPN,2008,12793.662
Japan,JPN,2009,18911.43
Japan,JPN,2010,11441.308
Japan,JPN,2011,14382.131
Japan,JPN,2012,3048.154
Japan,JPN,2013,16571.652
Japan,JPN,2014,21229.744
Japan,JPN,2015,12042.353
Japan,JPN,2016,4121.4473
Japan,JPN,2017,8285.827
Japan,JPN,2018,18847.04
Japan,JPN,2019,13502.033
Japan,JPN,2020,15240.767
Japan,JPN,2021,7341.3257
Japan,JPN,2022,21616.137
Japan,JPN,2023,11827.693
Japan,JPN,2024,11162.25
Japan,JPN,2025,7255.4673
Jersey,JEY,2002,0
Jersey,JEY,2003,0
Jersey,JEY,2004,0
Jersey,JEY,2005,0
Jersey,JEY,2006,0
Jersey,JEY,2007,0
Jersey,JEY,2008,0
Jersey,JEY,2009,0
Jersey,JEY,2010,0
Jersey,JEY,2011,0
Jersey,JEY,2012,0
Jersey,JEY,2013,0
Jersey,JEY,2014,0
Jersey,JEY,2015,0
Jersey,JEY,2016,0
Jersey,JEY,2017,0
Jersey,JEY,2018,0
Jersey,JEY,2019,0
Jersey,JEY,2020,0
Jersey,JEY,2021,0
Jersey,JEY,2022,0
Jersey,JEY,2023,0
Jersey,JEY,2024,0
Jersey,JEY,2025,0
Jordan,JOR,2002,321.988
Jordan,JOR,2003,343.454
Jordan,JOR,2004,64.397995
Jordan,JOR,2005,0
Jordan,JOR,2006,0
Jordan,JOR,2007,0
Jordan,JOR,2008,0
Jordan,JOR,2009,0
Jordan,JOR,2010,64.398
Jordan,JOR,2011,214.659
Jordan,JOR,2012,21.466
Jordan,JOR,2013,64.398
Jordan,JOR,2014,0
Jordan,JOR,2015,0
Jordan,JOR,2016,0
Jordan,JOR,2017,107.328995
Jordan,JOR,2018,0
Jordan,JOR,2019,64.398
Jordan,JOR,2020,751.307
Jordan,JOR,2021,128.795
Jordan,JOR,2022,257.591
Jordan,JOR,2023,64.398
Jordan,JOR,2024,1245.021
Jordan,JOR,2025,21.466
Kazakhstan,KAZ,2002,23451052
Kazakhstan,KAZ,2003,10454006
Kazakhstan,KAZ,2004,13425740
Kazakhstan,KAZ,2005,12804389
Kazakhstan,KAZ,2006,14306464
Kazakhstan,KAZ,2007,8077863.5
Kazakhstan,KAZ,2008,9994036
Kazakhstan,KAZ,2009,4897545
Kazakhstan,KAZ,2010,11857488
Kazakhstan,KAZ,2011,2792859.5
Kazakhstan,KAZ,2012,5873619.5
Kazakhstan,KAZ,2013,1244633.9
Kazakhstan,KAZ,2014,6217910.5
Kazakhstan,KAZ,2015,7394991
Kazakhstan,KAZ,2016,2454278.5
Kazakhstan,KAZ,2017,14327307
Kazakhstan,KAZ,2018,3509969.8
Kazakhstan,KAZ,2019,8233212
Kazakhstan,KAZ,2020,4120201.5
Kazakhstan,KAZ,2021,5219876.5
Kazakhstan,KAZ,2022,1852804.9
Kazakhstan,KAZ,2023,1067540.5
Kazakhstan,KAZ,2024,568566.44
Kazakhstan,KAZ,2025,1553184.4
Kenya,KEN,2002,258169.98
Kenya,KEN,2003,535315.8
Kenya,KEN,2004,187439.97
Kenya,KEN,2005,283499.72
Kenya,KEN,2006,93741.45
Kenya,KEN,2007,784577.44
Kenya,KEN,2008,315097.5
Kenya,KEN,2009,132358.55
Kenya,KEN,2010,172306.52
Kenya,KEN,2011,158632.77
Kenya,KEN,2012,861811.6
Kenya,KEN,2013,305545.2
Kenya,KEN,2014,185486.56
Kenya,KEN,2015,190252
Kenya,KEN,2016,204505.31
Kenya,KEN,2017,54244.254
Kenya,KEN,2018,137360.1
Kenya,KEN,2019,238850.72
Kenya,KEN,2020,537333.6
Kenya,KEN,2021,246943.34
Kenya,KEN,2022,114327.21
Kenya,KEN,2023,86185.46
Kenya,KEN,2024,352018.78
Kenya,KEN,2025,318210.03
Kosovo,OWID_KOS,2002,0
Kosovo,OWID_KOS,2003,1459.6791
Kosovo,OWID_KOS,2004,536.647
Kosovo,OWID_KOS,2005,1781.667
Kosovo,OWID_KOS,2006,214.658
Kosovo,OWID_KOS,2007,20843.357
Kosovo,OWID_KOS,2008,343.45502
Kosovo,OWID_KOS,2009,923.031
Kosovo,OWID_KOS,2010,1094.7579
Kosovo,OWID_KOS,2011,12707.796
Kosovo,OWID_KOS,2012,10239.222
Kosovo,OWID_KOS,2013,1330.883
Kosovo,OWID_KOS,2014,686.908
Kosovo,OWID_KOS,2015,1867.532
Kosovo,OWID_KOS,2016,0
Kosovo,OWID_KOS,2017,2876.428
Kosovo,OWID_KOS,2018,1266.4869
Kosovo,OWID_KOS,2019,5860.187
Kosovo,OWID_KOS,2020,2146.587
Kosovo,OWID_KOS,2021,1545.544
Kosovo,OWID_KOS,2022,236.125
Kosovo,OWID_KOS,2023,300.521
Kosovo,OWID_KOS,2024,5345.003
Kosovo,OWID_KOS,2025,7792.109
Kuwait,KWT,2002,0
Kuwait,KWT,2003,0
Kuwait,KWT,2004,0
Kuwait,KWT,2005,0
Kuwait,KWT,2006,0
Kuwait,KWT,2007,21.466
Kuwait,KWT,2008,0
Kuwait,KWT,2009,0
Kuwait,KWT,2010,0
Kuwait,KWT,2011,0
Kuwait,KWT,2012,0
Kuwait,KWT,2013,0
Kuwait,KWT,2014,0
Kuwait,KWT,2015,0
Kuwait,KWT,2016,0
Kuwait,KWT,2017,0
Kuwait,KWT,2018,0
Kuwait,KWT,2019,0
Kuwait,KWT,2020,42.932
Kuwait,KWT,2021,0
Kuwait,KWT,2022,0
Kuwait,KWT,2023,42.932
Kuwait,KWT,2024,0
Kuwait,KWT,2025,0
Kyrgyzstan,KGZ,2002,51518.082
Kyrgyzstan,KGZ,2003,21058.018
Kyrgyzstan,KGZ,2004,21852.254
Kyrgyzstan,KGZ,2005,29000.387
Kyrgyzstan,KGZ,2006,47246.375
Kyrgyzstan,KGZ,2007,42545.348
Kyrgyzstan,KGZ,2008,17838.137
Kyrgyzstan,KGZ,2009,8157.029
Kyrgyzstan,KGZ,2010,7555.985
Kyrgyzstan,KGZ,2011,11827.695
Kyrgyzstan,KGZ,2012,15455.426
Kyrgyzstan,KGZ,2013,2726.166
Kyrgyzstan,KGZ,2014,2854.962
Kyrgyzstan,KGZ,2015,1974.86
Kyrgyzstan,KGZ,2016,5302.069
Kyrgyzstan,KGZ,2017,3348.675
Kyrgyzstan,KGZ,2018,6053.376
Kyrgyzstan,KGZ,2019,5602.591
Kyrgyzstan,KGZ,2020,7148.1353
Kyrgyzstan,KGZ,2021,2661.768
Kyrgyzstan,KGZ,2022,1545.543
Kyrgyzstan,KGZ,2023,21.466
Kyrgyzstan,KGZ,2024,429.31702
Kyrgyzstan,KGZ,2025,4250.244
Laos,LAO,2002,358050.7
Laos,LAO,2003,451448.66
Laos,LAO,2004,1412668.8
Laos,LAO,2005,935332.25
Laos,LAO,2006,418756.2
Laos,LAO,2007,1648364
Laos,LAO,2008,353070.6
Laos,LAO,2009,565346.56
Laos,LAO,2010,1540347.8
Laos,LAO,2011,321601.66
Laos,LAO,2012,688088.4
Laos,LAO,2013,812568.94
Laos,LAO,2014,620342.1
Laos,LAO,2015,736493.94
Laos,LAO,2016,1117405.8
Laos,LAO,2017,406241.56
Laos,LAO,2018,332227.25
Laos,LAO,2019,692231.3
Laos,LAO,2020,1368105.6
Laos,LAO,2021,394886.12
Laos,LAO,2022,236253.34
Laos,LAO,2023,1901339.2
Laos,LAO,2024,1082330.5
Laos,LAO,2025,441939.28
Latvia,LVA,2002,8350.228
Latvia,LVA,2003,17602.014
Latvia,LVA,2004,3284.28
Latvia,LVA,2005,236.124
Latvia,LVA,2006,1545.546
Latvia,LVA,2007,1502.611
Latvia,LVA,2008,0
Latvia,LVA,2009,901.568
Latvia,LVA,2010,858.63495
Latvia,LVA,2011,708.374
Latvia,LVA,2012,42.932
Latvia,LVA,2013,2318.315
Latvia,LVA,2014,987.43097
Latvia,LVA,2015,1738.734
Latvia,LVA,2016,150.261
Latvia,LVA,2017,0
Latvia,LVA,2018,1781.6691
Latvia,LVA,2019,107.33
Latvia,LVA,2020,128.795
Latvia,LVA,2021,128.796
Latvia,LVA,2022,407.852
Latvia,LVA,2023,407.852
Latvia,LVA,2024,171.72699
Latvia,LVA,2025,0
Lebanon,LBN,2002,64.397995
Lebanon,LBN,2003,128.795
Lebanon,LBN,2004,214.65799
Lebanon,LBN,2005,0
Lebanon,LBN,2006,1545.544
Lebanon,LBN,2007,1352.351
Lebanon,LBN,2008,0
Lebanon,LBN,2009,0
Lebanon,LBN,2010,880.101
Lebanon,LBN,2011,21.466
Lebanon,LBN,2012,42.932
Lebanon,LBN,2013,236.125
Lebanon,LBN,2014,0
Lebanon,LBN,2015,107.33
Lebanon,LBN,2016,0
Lebanon,LBN,2017,128.795
Lebanon,LBN,2018,0
Lebanon,LBN,2019,1245.02
Lebanon,LBN,2020,1567.009
Lebanon,LBN,2021,1266.488
Lebanon,LBN,2022,0
Lebanon,LBN,2023,193.193
Lebanon,LBN,2024,1416.748
Lebanon,LBN,2025,0
Lesotho,LSO,2002,45121.254
Lesotho,LSO,2003,130877.4
Lesotho,LSO,2004,36985.688
Lesotho,LSO,2005,60125.895
Lesotho,LSO,2006,46216.016
Lesotho,LSO,2007,123664.87
Lesotho,LSO,2008,21723.46
Lesotho,LSO,2009,56304.97
Lesotho,LSO,2010,44885.13
Lesotho,LSO,2011,102456.586
Lesotho,LSO,2012,55167.28
Lesotho,LSO,2013,42330.69
Lesotho,LSO,2014,34431.254
Lesotho,LSO,2015,44176.754
Lesotho,LSO,2016,69055.695
Lesotho,LSO,2017,20542.836
Lesotho,LSO,2018,7083.738
Lesotho,LSO,2019,27368.982
Lesotho,LSO,2020,7384.26
Lesotho,LSO,2021,41858.438
Lesotho,LSO,2022,25759.043
Lesotho,LSO,2023,35139.62
Lesotho,LSO,2024,42674.145
Lesotho,LSO,2025,33121.836
Liberia,LBR,2002,965.964
Liberia,LBR,2003,46902.92
Liberia,LBR,2004,31554.824
Liberia,LBR,2005,6504.158
Liberia,LBR,2006,73198.61
Liberia,LBR,2007,33937.54
Liberia,LBR,2008,27132.86
Liberia,LBR,2009,431936.2
Liberia,LBR,2010,27390.447
Liberia,LBR,2011,38853.223
Liberia,LBR,2012,58129.574
Liberia,LBR,2013,34452.727
Liberia,LBR,2014,171984.53
Liberia,LBR,2015,414248.3
Liberia,LBR,2016,29129.19
Liberia,LBR,2017,39711.86
Liberia,LBR,2018,12579.002
Liberia,LBR,2019,143821.31
Liberia,LBR,2020,21830.787
Liberia,LBR,2021,7083.738
Liberia,LBR,2022,24900.406
Liberia,LBR,2023,38617.098
Liberia,LBR,2024,53578.81
Liberia,LBR,2025,27454.848
Libya,LBY,2002,901.567
Libya,LBY,2003,450.784
Libya,LBY,2004,21.466
Libya,LBY,2005,0
Libya,LBY,2006,407.851
Libya,LBY,2007,0
Libya,LBY,2008,0
Libya,LBY,2009,0
Libya,LBY,2010,0
Libya,LBY,2011,5194.7397
Libya,LBY,2012,0
Libya,LBY,2013,5624.0576
Libya,LBY,2014,85.863
Libya,LBY,2015,0
Libya,LBY,2016,193.193
Libya,LBY,2017,21.466
Libya,LBY,2018,0
Libya,LBY,2019,5130.344
Libya,LBY,2020,1888.996
Libya,LBY,2021,0
Libya,LBY,2022,0
Libya,LBY,2023,0
Libya,LBY,2024,0
Libya,LBY,2025,21.466
Liechtenstein,LIE,2002,0
Liechtenstein,LIE,2003,0
Liechtenstein,LIE,2004,0
Liechtenstein,LIE,2005,0
Liechtenstein,LIE,2006,0
Liechtenstein,LIE,2007,0
Liechtenstein,LIE,2008,0
Liechtenstein,LIE,2009,0
Liechtenstein,LIE,2010,0
Liechtenstein,LIE,2011,0
Liechtenstein,LIE,2012,0
Liechtenstein,LIE,2013,0
Liechtenstein,LIE,2014,0
Liechtenstein,LIE,2015,0
Liechtenstein,LIE,2016,0
Liechtenstein,LIE,2017,0
Liechtenstein,LIE,2018,0
Liechtenstein,LIE,2019,0
Liechtenstein,LIE,2020,0
Liechtenstein,LIE,2021,0
Liechtenstein,LIE,2022,21.466
Liechtenstein,LIE,2023,0
Liechtenstein,LIE,2024,0
Liechtenstein,LIE,2025,0
Lithuania,LTU,2002,6396.832
Lithuania,LTU,2003,7255.465
Lithuania,LTU,2004,1502.611
Lithuania,LTU,2005,2103.656
Lithuania,LTU,2006,1202.09
Lithuania,LTU,2007,1137.691
Lithuania,LTU,2008,3606.266
Lithuania,LTU,2009,4250.242
Lithuania,LTU,2010,150.261
Lithuania,LTU,2011,515.18097
Lithuania,LTU,2012,236.124
Lithuania,LTU,2013,0
Lithuania,LTU,2014,171.728
Lithuania,LTU,2015,1245.023
Lithuania,LTU,2016,300.523
Lithuania,LTU,2017,64.398
Lithuania,LTU,2018,729.841
Lithuania,LTU,2019,42.932
Lithuania,LTU,2020,1309.419
Lithuania,LTU,2021,128.796
Lithuania,LTU,2022,21.466
Lithuania,LTU,2023,579.579
Lithuania,LTU,2024,236.125
Lithuania,LTU,2025,1094.76
Luxembourg,LUX,2002,0
Luxembourg,LUX,2003,0
Luxembourg,LUX,2004,0
Luxembourg,LUX,2005,0
Luxembourg,LUX,2006,0
Luxembourg,LUX,2007,0
Luxembourg,LUX,2008,0
Luxembourg,LUX,2009,0
Luxembourg,LUX,2010,0
Luxembourg,LUX,2011,0
Luxembourg,LUX,2012,0
Luxembourg,LUX,2013,0
Luxembourg,LUX,2014,0
Luxembourg,LUX,2015,0
Luxembourg,LUX,2016,0
Luxembourg,LUX,2017,0
Luxembourg,LUX,2018,0
Luxembourg,LUX,2019,0
Luxembourg,LUX,2020,0
Luxembourg,LUX,2021,0
Luxembourg,LUX,2022,0
Luxembourg,LUX,2023,0
Luxembourg,LUX,2024,0
Luxembourg,LUX,2025,0
Macao,MAC,2002,0
Macao,MAC,2003,0
Macao,MAC,2004,0
Macao,MAC,2005,0
Macao,MAC,2006,0
Macao,MAC,2007,0
Macao,MAC,2008,0
Macao,MAC,2009,0
Macao,MAC,2010,0
Macao,MAC,2011,0
Macao,MAC,2012,0
Macao,MAC,2013,0
Macao,MAC,2014,0
Macao,MAC,2015,0
Macao,MAC,2016,0
Macao,MAC,2017,0
Macao,MAC,2018,0
Macao,MAC,2019,0
Macao,MAC,2020,0
Macao,MAC,2021,0
Macao,MAC,2022,0
Macao,MAC,2023,0
Macao,MAC,2024,0
Macao,MAC,2025,0
Madagascar,MDG,2002,3434324
Madagascar,MDG,2003,6104119.5
Madagascar,MDG,2004,3556744
Madagascar,MDG,2005,6014864.5
Madagascar,MDG,2006,4067202.2
Madagascar,MDG,2007,5920501
Madagascar,MDG,2008,3665468.8
Madagascar,MDG,2009,4497593
Madagascar,MDG,2010,4266362.5
Madagascar,MDG,2011,4207181
Madagascar,MDG,2012,4305452
Madagascar,MDG,2013,4001452.5
Madagascar,MDG,2014,3328841
Madagascar,MDG,2015,3493205
Madagascar,MDG,2016,4854999.5
Madagascar,MDG,2017,3224946
Madagascar,MDG,2018,3267448.5
Madagascar,MDG,2019,3540408.2
Madagascar,MDG,2020,3725551.5
Madagascar,MDG,2021,3054313.8
Madagascar,MDG,2022,3025442.2
Madagascar,MDG,2023,2905577
Madagascar,MDG,2024,3942442.8
Madagascar,MDG,2025,3170294
Malawi,MWI,2002,528360.9
Malawi,MWI,2003,689204.6
Malawi,MWI,2004,473665.84
Malawi,MWI,2005,662071.75
Malawi,MWI,2006,466968.5
Malawi,MWI,2007,566012
Malawi,MWI,2008,575843.4
Malawi,MWI,2009,394993.44
Malawi,MWI,2010,693175.8
Malawi,MWI,2011,542056.1
Malawi,MWI,2012,650329.94
Malawi,MWI,2013,504362.03
Malawi,MWI,2014,461752.28
Malawi,MWI,2015,503610.75
Malawi,MWI,2016,585846.5
Malawi,MWI,2017,415600.7
Malawi,MWI,2018,560151.8
Malawi,MWI,2019,429167.1
Malawi,MWI,2020,467805.66
Malawi,MWI,2021,388746.88
Malawi,MWI,2022,526879.75
Malawi,MWI,2023,344634.5
Malawi,MWI,2024,381942.22
Malawi,MWI,2025,385312.34
Malaysia,MYS,2002,37093.027
Malaysia,MYS,2003,45207.125
Malaysia,MYS,2004,98828.86
Malaysia,MYS,2005,114928.27
Malaysia,MYS,2006,22002.52
Malaysia,MYS,2007,40978.348
Malaysia,MYS,2008,17687.879
Malaysia,MYS,2009,95780.71
Malaysia,MYS,2010,59546.32
Malaysia,MYS,2011,49414.43
Malaysia,MYS,2012,18525.05
Malaysia,MYS,2013,33315.03
Malaysia,MYS,2014,94514.22
Malaysia,MYS,2015,36212.926
Malaysia,MYS,2016,53965.2
Malaysia,MYS,2017,794.238
Malaysia,MYS,2018,18567.98
Malaysia,MYS,2019,33679.953
Malaysia,MYS,2020,14940.25
Malaysia,MYS,2021,12042.3545
Malaysia,MYS,2022,3842.392
Malaysia,MYS,2023,11870.626
Malaysia,MYS,2024,30867.922
Malaysia,MYS,2025,7191.069
Mali,MLI,2002,6908682
Mali,MLI,2003,6519678
Mali,MLI,2004,9572617
Mali,MLI,2005,9034168
Mali,MLI,2006,8890690
Mali,MLI,2007,7975364
Mali,MLI,2008,8570097
Mali,MLI,2009,6457620
Mali,MLI,2010,7129222
Mali,MLI,2011,6676206.5
Mali,MLI,2012,5761460
Mali,MLI,2013,6453734
Mali,MLI,2014,5735572.5
Mali,MLI,2015,5464845
Mali,MLI,2016,7825489
Mali,MLI,2017,5777667
Mali,MLI,2018,4827609
Mali,MLI,2019,5402830
Mali,MLI,2020,6646197.5
Mali,MLI,2021,6685587.5
Mali,MLI,2022,6327214.5
Mali,MLI,2023,6608117
Mali,MLI,2024,7385353
Mali,MLI,2025,7302516.5
Malta,MLT,2002,0
Malta,MLT,2003,0
Malta,MLT,2004,0
Malta,MLT,2005,0
Malta,MLT,2006,0
Malta,MLT,2007,0
Malta,MLT,2008,0
Malta,MLT,2009,0
Malta,MLT,2010,0
Malta,MLT,2011,0
Malta,MLT,2012,0
Malta,MLT,2013,0
Malta,MLT,2014,0
Malta,MLT,2015,0
Malta,MLT,2016,0
Malta,MLT,2017,0
Malta,MLT,2018,0
Malta,MLT,2019,0
Malta,MLT,2020,0
Malta,MLT,2021,0
Malta,MLT,2022,0
Malta,MLT,2023,0
Malta,MLT,2024,0
Malta,MLT,2025,0
Martinique,MTQ,2002,0
Martinique,MTQ,2003,0
Martinique,MTQ,2004,0
Martinique,MTQ,2005,0
Martinique,MTQ,2006,0
Martinique,MTQ,2007,0
Martinique,MTQ,2008,0
Martinique,MTQ,2009,0
Martinique,MTQ,2010,0
Martinique,MTQ,2011,0
Martinique,MTQ,2012,0
Martinique,MTQ,2013,0
Martinique,MTQ,2014,0
Martinique,MTQ,2015,0
Martinique,MTQ,2016,0
Martinique,MTQ,2017,0
Martinique,MTQ,2018,0
Martinique,MTQ,2019,0
Martinique,MTQ,2020,0
Martinique,MTQ,2021,0
Martinique,MTQ,2022,0
Martinique,MTQ,2023,0
Martinique,MTQ,2024,0
Martinique,MTQ,2025,0
Mauritania,MRT,2002,92754.016
Mauritania,MRT,2003,32842.777
Mauritania,MRT,2004,264523.88
Mauritania,MRT,2005,292665.62
Mauritania,MRT,2006,330359.7
Mauritania,MRT,2007,848760.4
Mauritania,MRT,2008,374171.53
Mauritania,MRT,2009,370050.1
Mauritania,MRT,2010,645285.44
Mauritania,MRT,2011,292128.97
Mauritania,MRT,2012,283757.3
Mauritania,MRT,2013,267722.3
Mauritania,MRT,2014,36298.78
Mauritania,MRT,2015,42523.887
Mauritania,MRT,2016,161015.47
Mauritania,MRT,2017,81827.89
Mauritania,MRT,2018,22474.762
Mauritania,MRT,2019,157280.42
Mauritania,MRT,2020,158310.78
Mauritania,MRT,2021,271714.94
Mauritania,MRT,2022,157774.12
Mauritania,MRT,2023,270083.53
Mauritania,MRT,2024,204762.9
Mauritania,MRT,2025,277059.94
Mauritius,MUS,2002,493.716
Mauritius,MUS,2003,858.635
Mauritius,MUS,2004,0
Mauritius,MUS,2005,0
Mauritius,MUS,2006,2103.654
Mauritius,MUS,2007,0
Mauritius,MUS,2008,0
Mauritius,MUS,2009,0
Mauritius,MUS,2010,2253.9158
Mauritius,MUS,2011,0
Mauritius,MUS,2012,880.101
Mauritius,MUS,2013,1330.885
Mauritius,MUS,2014,1717.271
Mauritius,MUS,2015,0
Mauritius,MUS,2016,0
Mauritius,MUS,2017,0
Mauritius,MUS,2018,107.33
Mauritius,MUS,2019,0
Mauritius,MUS,2020,0
Mauritius,MUS,2021,0
Mauritius,MUS,2022,0
Mauritius,MUS,2023,0
Mauritius,MUS,2024,150.261
Mauritius,MUS,2025,0
Mayotte,MYT,2002,0
Mayotte,MYT,2003,0
Mayotte,MYT,2004,0
Mayotte,MYT,2005,0
Mayotte,MYT,2006,0
Mayotte,MYT,2007,0
Mayotte,MYT,2008,0
Mayotte,MYT,2009,0
Mayotte,MYT,2010,0
Mayotte,MYT,2011,0
Mayotte,MYT,2012,0
Mayotte,MYT,2013,0
Mayotte,MYT,2014,0
Mayotte,MYT,2015,0
Mayotte,MYT,2016,0
Mayotte,MYT,2017,0
Mayotte,MYT,2018,0
Mayotte,MYT,2019,0
Mayotte,MYT,2020,0
Mayotte,MYT,2021,0
Mayotte,MYT,2022,0
Mayotte,MYT,2023,0
Mayotte,MYT,2024,171.72699
Mayotte,MYT,2025,0
Mexico,MEX,2002,1547281.2
Mexico,MEX,2003,2458571.5
Mexico,MEX,2004,955488.7
Mexico,MEX,2005,2492831.2
Mexico,MEX,2006,1464981.1
Mexico,MEX,2007,1565806.2
Mexico,MEX,2008,1767606.9
Mexico,MEX,2009,1598584.6
Mexico,MEX,2010,981483.9
Mexico,MEX,2011,3090355
Mexico,MEX,2012,1381049.5
Mexico,MEX,2013,1728989.8
Mexico,MEX,2014,523187.6
Mexico,MEX,2015,874240.44
Mexico,MEX,2016,1377164.1
Mexico,MEX,2017,1907478.5
Mexico,MEX,2018,1287758.9
Mexico,MEX,2019,1945387.1
Mexico,MEX,2020,1418722.1
Mexico,MEX,2021,1373965.8
Mexico,MEX,2022,1217458.1
Mexico,MEX,2023,1535775.5
Mexico,MEX,2024,1861455.6
Mexico,MEX,2025,1377872.6
Micronesia (country),FSM,2002,0
Micronesia (country),FSM,2003,0
Micronesia (country),FSM,2004,0
Micronesia (country),FSM,2005,0
Micronesia (country),FSM,2006,0
Micronesia (country),FSM,2007,0
Micronesia (country),FSM,2008,0
Micronesia (country),FSM,2009,0
Micronesia (country),FSM,2010,0
Micronesia (country),FSM,2011,0
Micronesia (country),FSM,2012,0
Micronesia (country),FSM,2013,0
Micronesia (country),FSM,2014,0
Micronesia (country),FSM,2015,0
Micronesia (country),FSM,2016,0
Micronesia (country),FSM,2017,0
Micronesia (country),FSM,2018,0
Micronesia (country),FSM,2019,0
Micronesia (country),FSM,2020,0
Micronesia (country),FSM,2021,0
Micronesia (country),FSM,2022,0
Micronesia (country),FSM,2023,0
Micronesia (country),FSM,2024,0
Micronesia (country),FSM,2025,0
Moldova,MDA,2002,14553.857
Moldova,MDA,2003,1202.0919
Moldova,MDA,2004,17537.615
Moldova,MDA,2005,35912.395
Moldova,MDA,2006,36298.78
Moldova,MDA,2007,34302.457
Moldova,MDA,2008,129417.72
Moldova,MDA,2009,25072.135
Moldova,MDA,2010,38853.22
Moldova,MDA,2011,38316.58
Moldova,MDA,2012,10046.029
Moldova,MDA,2013,38660.03
Moldova,MDA,2014,69227.43
Moldova,MDA,2015,39883.582
Moldova,MDA,2016,61564.11
Moldova,MDA,2017,33100.37
Moldova,MDA,2018,13459.101
Moldova,MDA,2019,14210.404
Moldova,MDA,2020,3799.461
Moldova,MDA,2021,22775.287
Moldova,MDA,2022,17687.88
Moldova,MDA,2023,2983.757
Moldova,MDA,2024,2769.096
Moldova,MDA,2025,1373.817
Mongolia,MNG,2002,1019220.9
Mongolia,MNG,2003,1811526
Mongolia,MNG,2004,1407323.8
Mongolia,MNG,2005,1028901.94
Mongolia,MNG,2006,1243217.2
Mongolia,MNG,2007,1771599.5
Mongolia,MNG,2008,842578.25
Mongolia,MNG,2009,460636.06
Mongolia,MNG,2010,258620.78
Mongolia,MNG,2011,1803819.8
Mongolia,MNG,2012,2198705.8
Mongolia,MNG,2013,947245.8
Mongolia,MNG,2014,1231046.1
Mongolia,MNG,2015,1888846.1
Mongolia,MNG,2016,1119273.2
Mongolia,MNG,2017,505027.47
Mongolia,MNG,2018,34581.51
Mongolia,MNG,2019,337314.62
Mongolia,MNG,2020,62422.746
Mongolia,MNG,2021,105783.8
Mongolia,MNG,2022,420666.6
Mongolia,MNG,2023,1948306.6
Mongolia,MNG,2024,262978.34
Mongolia,MNG,2025,177952.03
Montenegro,MNE,2002,0
Montenegro,MNE,2003,3048.156
Montenegro,MNE,2004,0
Montenegro,MNE,2005,0
Montenegro,MNE,2006,2683.234
Montenegro,MNE,2007,31576.295
Montenegro,MNE,2008,5838.714
Montenegro,MNE,2009,128.795
Montenegro,MNE,2010,450.783
Montenegro,MNE,2011,12772.193
Montenegro,MNE,2012,29365.31
Montenegro,MNE,2013,729.84
Montenegro,MNE,2014,214.659
Montenegro,MNE,2015,14017.212
Montenegro,MNE,2016,686.90796
Montenegro,MNE,2017,31361.63
Montenegro,MNE,2018,2876.4268
Montenegro,MNE,2019,2168.055
Montenegro,MNE,2020,6933.477
Montenegro,MNE,2021,23633.924
Montenegro,MNE,2022,5323.539
Montenegro,MNE,2023,0
Montenegro,MNE,2024,7684.7812
Montenegro,MNE,2025,11548.637
Montserrat,MSR,2002,0
Montserrat,MSR,2003,0
Montserrat,MSR,2004,0
Montserrat,MSR,2005,0
Montserrat,MSR,2006,0
Montserrat,MSR,2007,0
Montserrat,MSR,2008,0
Montserrat,MSR,2009,0
Montserrat,MSR,2010,601.047
Montserrat,MSR,2011,0
Montserrat,MSR,2012,0
Montserrat,MSR,2013,0
Montserrat,MSR,2014,0
Montserrat,MSR,2015,0
Montserrat,MSR,2016,0
Montserrat,MSR,2017,0
Montserrat,MSR,2018,0
Montserrat,MSR,2019,0
Montserrat,MSR,2020,0
Montserrat,MSR,2021,0
Montserrat,MSR,2022,0
Montserrat,MSR,2023,0
Montserrat,MSR,2024,0
Montserrat,MSR,2025,0
Morocco,MAR,2002,493.716
Morocco,MAR,2003,3563.334
Morocco,MAR,2004,11226.652
Morocco,MAR,2005,8629.284
Morocco,MAR,2006,8929.8
Morocco,MAR,2007,2017.791
Morocco,MAR,2008,880.103
Morocco,MAR,2009,5688.457
Morocco,MAR,2010,4142.913
Morocco,MAR,2011,4658.094
Morocco,MAR,2012,13180.046
Morocco,MAR,2013,3777.993
Morocco,MAR,2014,4658.0938
Morocco,MAR,2015,2618.8362
Morocco,MAR,2016,5323.535
Morocco,MAR,2017,3176.9502
Morocco,MAR,2018,3520.4038
Morocco,MAR,2019,5173.274
Morocco,MAR,2020,7233.998
Morocco,MAR,2021,4550.765
Morocco,MAR,2022,31876.81
Morocco,MAR,2023,6933.475
Morocco,MAR,2024,493.716
Morocco,MAR,2025,3219.879
Mozambique,MOZ,2002,19385438
Mozambique,MOZ,2003,20735664
Mozambique,MOZ,2004,19486500
Mozambique,MOZ,2005,21183676
Mozambique,MOZ,2006,19962398
Mozambique,MOZ,2007,20975008
Mozambique,MOZ,2008,22504536
Mozambique,MOZ,2009,19832402
Mozambique,MOZ,2010,22971354
Mozambique,MOZ,2011,19756734
Mozambique,MOZ,2012,20522722
Mozambique,MOZ,2013,21248290
Mozambique,MOZ,2014,20894060
Mozambique,MOZ,2015,20493014
Mozambique,MOZ,2016,18511670
Mozambique,MOZ,2017,17807718
Mozambique,MOZ,2018,19861402
Mozambique,MOZ,2019,18589034
Mozambique,MOZ,2020,17695302
Mozambique,MOZ,2021,18182040
Mozambique,MOZ,2022,20968912
Mozambique,MOZ,2023,17679932
Mozambique,MOZ,2024,17673450
Mozambique,MOZ,2025,16489178
Myanmar,MMR,2002,1360292
Myanmar,MMR,2003,3264336
Myanmar,MMR,2004,5409398.5
Myanmar,MMR,2005,3275605.5
Myanmar,MMR,2006,2909419.2
Myanmar,MMR,2007,5034969.5
Myanmar,MMR,2008,2511313.2
Myanmar,MMR,2009,4545462
Myanmar,MMR,2010,5083439.5
Myanmar,MMR,2011,2518332.8
Myanmar,MMR,2012,3730982.5
Myanmar,MMR,2013,3037141.2
Myanmar,MMR,2014,3716278.2
Myanmar,MMR,2015,3765843
Myanmar,MMR,2016,2474907.2
Myanmar,MMR,2017,2822289.2
Myanmar,MMR,2018,2412806.5
Myanmar,MMR,2019,2628259.2
Myanmar,MMR,2020,3870875.5
Myanmar,MMR,2021,3334207.2
Myanmar,MMR,2022,1916794.6
Myanmar,MMR,2023,3183602.8
Myanmar,MMR,2024,2655800
Myanmar,MMR,2025,4876701.5
Namibia,NAM,2002,3146681.5
Namibia,NAM,2003,3135669.5
Namibia,NAM,2004,3670577.5
Namibia,NAM,2005,3468626.5
Namibia,NAM,2006,5189094.5
Namibia,NAM,2007,4536059.5
Namibia,NAM,2008,2837208.2
Namibia,NAM,2009,5356957.5
Namibia,NAM,2010,4751427
Namibia,NAM,2011,8312679
Namibia,NAM,2012,8746246
Namibia,NAM,2013,3702025
Namibia,NAM,2014,2625146.8
Namibia,NAM,2015,2473962.8
Namibia,NAM,2016,2091720
Namibia,NAM,2017,2706051.5
Namibia,NAM,2018,1988018.4
Namibia,NAM,2019,916635.44
Namibia,NAM,2020,3255921.2
Namibia,NAM,2021,3931623.8
Namibia,NAM,2022,2465397.8
Namibia,NAM,2023,2398875
Namibia,NAM,2024,1057022.2
Namibia,NAM,2025,2151996.2
Nauru,NRU,2002,0
Nauru,NRU,2003,0
Nauru,NRU,2004,0
Nauru,NRU,2005,0
Nauru,NRU,2006,0
Nauru,NRU,2007,0
Nauru,NRU,2008,0
Nauru,NRU,2009,0
Nauru,NRU,2010,0
Nauru,NRU,2011,0
Nauru,NRU,2012,0
Nauru,NRU,2013,0
Nauru,NRU,2014,0
Nauru,NRU,2015,0
Nauru,NRU,2016,0
Nauru,NRU,2017,0
Nauru,NRU,2018,0
Nauru,NRU,2019,0
Nauru,NRU,2020,0
Nauru,NRU,2021,0
Nauru,NRU,2022,0
Nauru,NRU,2023,0
Nauru,NRU,2024,0
Nauru,NRU,2025,0
Nepal,NPL,2002,24149.102
Nepal,NPL,2003,187633.14
Nepal,NPL,2004,163612.84
Nepal,NPL,2005,165072.53
Nepal,NPL,2006,91187.01
Nepal,NPL,2007,67574.555
Nepal,NPL,2008,139871.6
Nepal,NPL,2009,207167.1
Nepal,NPL,2010,224125.12
Nepal,NPL,2011,122935.02
Nepal,NPL,2012,214551.34
Nepal,NPL,2013,220926.72
Nepal,NPL,2014,240589.44
Nepal,NPL,2015,34882.04
Nepal,NPL,2016,602804.5
Nepal,NPL,2017,133646.48
Nepal,NPL,2018,120058.6
Nepal,NPL,2019,311791.72
Nepal,NPL,2020,55725.395
Nepal,NPL,2021,371316.6
Nepal,NPL,2022,121732.93
Nepal,NPL,2023,278863.1
Nepal,NPL,2024,518465.1
Nepal,NPL,2025,152815.52
Netherlands,NLD,2002,0
Netherlands,NLD,2003,21.466
Netherlands,NLD,2004,0
Netherlands,NLD,2005,0
Netherlands,NLD,2006,472.25
Netherlands,NLD,2007,601.045
Netherlands,NLD,2008,0
Netherlands,NLD,2009,0
Netherlands,NLD,2010,0
Netherlands,NLD,2011,0
Netherlands,NLD,2012,0
Netherlands,NLD,2013,0
Netherlands,NLD,2014,0
Netherlands,NLD,2015,0
Netherlands,NLD,2016,0
Netherlands,NLD,2017,0
Netherlands,NLD,2018,0
Netherlands,NLD,2019,0
Netherlands,NLD,2020,42.932
Netherlands,NLD,2021,0
Netherlands,NLD,2022,236.124
Netherlands,NLD,2023,21.466
Netherlands,NLD,2024,0
Netherlands,NLD,2025,21.466
New Caledonia,NCL,2002,12407.274
New Caledonia,NCL,2003,1416.747
New Caledonia,NCL,2004,10711.468
New Caledonia,NCL,2005,4701.025
New Caledonia,NCL,2006,5538.193
New Caledonia,NCL,2007,0
New Caledonia,NCL,2008,0
New Caledonia,NCL,2009,0
New Caledonia,NCL,2010,0
New Caledonia,NCL,2011,965.964
New Caledonia,NCL,2012,0
New Caledonia,NCL,2013,601.045
New Caledonia,NCL,2014,0
New Caledonia,NCL,2015,2854.96
New Caledonia,NCL,2016,2962.29
New Caledonia,NCL,2017,5302.07
New Caledonia,NCL,2018,2253.917
New Caledonia,NCL,2019,14467.999
New Caledonia,NCL,2020,751.306
New Caledonia,NCL,2021,5130.3423
New Caledonia,NCL,2022,0
New Caledonia,NCL,2023,4099.982
New Caledonia,NCL,2024,7792.11
New Caledonia,NCL,2025,665.442
New Zealand,NZL,2002,21.466
New Zealand,NZL,2003,923.033
New Zealand,NZL,2004,643.976
New Zealand,NZL,2005,0
New Zealand,NZL,2006,3649.1992
New Zealand,NZL,2007,3756.528
New Zealand,NZL,2008,944.498
New Zealand,NZL,2009,128.795
New Zealand,NZL,2010,1223.554
New Zealand,NZL,2011,923.03296
New Zealand,NZL,2012,429.319
New Zealand,NZL,2013,2962.29
New Zealand,NZL,2014,815.702
New Zealand,NZL,2015,1008.896
New Zealand,NZL,2016,6396.829
New Zealand,NZL,2017,3498.936
New Zealand,NZL,2018,321.988
New Zealand,NZL,2019,5323.537
New Zealand,NZL,2020,8672.21
New Zealand,NZL,2021,2919.359
New Zealand,NZL,2022,686.909
New Zealand,NZL,2023,386.38702
New Zealand,NZL,2024,1481.145
New Zealand,NZL,2025,3413.073
Nicaragua,NIC,2002,77878.17
Nicaragua,NIC,2003,341307.28
Nicaragua,NIC,2004,113704.7
Nicaragua,NIC,2005,401819.56
Nicaragua,NIC,2006,127614.586
Nicaragua,NIC,2007,119285.836
Nicaragua,NIC,2008,206694.84
Nicaragua,NIC,2009,102306.336
Nicaragua,NIC,2010,237992.08
Nicaragua,NIC,2011,147642.23
Nicaragua,NIC,2012,109368.6
Nicaragua,NIC,2013,237069.05
Nicaragua,NIC,2014,299642.06
Nicaragua,NIC,2015,121088.97
Nicaragua,NIC,2016,227860.19
Nicaragua,NIC,2017,91380.2
Nicaragua,NIC,2018,229191.08
Nicaragua,NIC,2019,209592.73
Nicaragua,NIC,2020,297302.28
Nicaragua,NIC,2021,111686.914
Nicaragua,NIC,2022,89727.336
Nicaragua,NIC,2023,625257.8
Nicaragua,NIC,2024,328320.44
Nicaragua,NIC,2025,99666.03
Niger,NER,2002,264244.8
Niger,NER,2003,299277.12
Niger,NER,2004,201865
Niger,NER,2005,240267.45
Niger,NER,2006,180463.55
Niger,NER,2007,313337.25
Niger,NER,2008,246599.89
Niger,NER,2009,239537.61
Niger,NER,2010,261067.88
Niger,NER,2011,204226.27
Niger,NER,2012,209807.39
Niger,NER,2013,242907.75
Niger,NER,2014,288737.38
Niger,NER,2015,190123.19
Niger,NER,2016,334416.72
Niger,NER,2017,281052.6
Niger,NER,2018,317630.44
Niger,NER,2019,246320.83
Niger,NER,2020,362579.97
Niger,NER,2021,766138.3
Niger,NER,2022,517928.47
Niger,NER,2023,470338.62
Niger,NER,2024,809155.9
Niger,NER,2025,1141447.5
Nigeria,NGA,2002,9524899
Nigeria,NGA,2003,12138175
Nigeria,NGA,2004,10600253
Nigeria,NGA,2005,13638382
Nigeria,NGA,2006,10660873
Nigeria,NGA,2007,10145799
Nigeria,NGA,2008,9085085
Nigeria,NGA,2009,6993515
Nigeria,NGA,2010,8194616.5
Nigeria,NGA,2011,7055015
Nigeria,NGA,2012,6208895
Nigeria,NGA,2013,6102574.5
Nigeria,NGA,2014,5747250
Nigeria,NGA,2015,6581027
Nigeria,NGA,2016,9526058
Nigeria,NGA,2017,7371658
Nigeria,NGA,2018,5763778.5
Nigeria,NGA,2019,6323780
Nigeria,NGA,2020,7466472.5
Nigeria,NGA,2021,7776891
Nigeria,NGA,2022,8759147
Nigeria,NGA,2023,7425623
Nigeria,NGA,2024,6697415
Nigeria,NGA,2025,6519055
North America,OWID_NAM,2002,7254068
North America,OWID_NAM,2003,9508864
North America,OWID_NAM,2004,8277603.5
North America,OWID_NAM,2005,10408520
North America,OWID_NAM,2006,8169909.5
North America,OWID_NAM,2007,8184119.5
North America,OWID_NAM,2008,7097710.5
North America,OWID_NAM,2009,6624087.5
North America,OWID_NAM,2010,6921347
North America,OWID_NAM,2011,10375892
North America,OWID_NAM,2012,7316448
North America,OWID_NAM,2013,8967151
North America,OWID_NAM,2014,7125809.5
North America,OWID_NAM,2015,8899770
North America,OWID_NAM,2016,6446715
North America,OWID_NAM,2017,9628408
North America,OWID_NAM,2018,7725759
North America,OWID_NAM,2019,7084724
North America,OWID_NAM,2020,8494387
North America,OWID_NAM,2021,9502317
North America,OWID_NAM,2022,6499757.5
North America,OWID_NAM,2023,18703296
North America,OWID_NAM,2024,11817754
North America,OWID_NAM,2025,9193380
North Korea,PRK,2002,18954.365
North Korea,PRK,2003,26574.746
North Korea,PRK,2004,101190.1
North Korea,PRK,2005,49221.246
North Korea,PRK,2006,22517.697
North Korea,PRK,2007,18117.193
North Korea,PRK,2008,31619.229
North Korea,PRK,2009,111257.586
North Korea,PRK,2010,15755.953
North Korea,PRK,2011,81784.96
North Korea,PRK,2012,16936.572
North Korea,PRK,2013,18074.268
North Korea,PRK,2014,99236.71
North Korea,PRK,2015,46216.02
North Korea,PRK,2016,5731.39
North Korea,PRK,2017,19984.727
North Korea,PRK,2018,29515.568
North Korea,PRK,2019,43167.863
North Korea,PRK,2020,12471.672
North Korea,PRK,2021,6117.773
North Korea,PRK,2022,5688.457
North Korea,PRK,2023,9466.448
North Korea,PRK,2024,16593.12
North Korea,PRK,2025,10582.674
North Macedonia,MKD,2002,3842.392
North Macedonia,MKD,2003,1245.021
North Macedonia,MKD,2004,3820.9229
North Macedonia,MKD,2005,4593.6973
North Macedonia,MKD,2006,2339.78
North Macedonia,MKD,2007,45271.516
North Macedonia,MKD,2008,9230.324
North Macedonia,MKD,2009,794.238
North Macedonia,MKD,2010,2189.519
North Macedonia,MKD,2011,17151.234
North Macedonia,MKD,2012,18525.049
North Macedonia,MKD,2013,6439.761
North Macedonia,MKD,2014,515.181
North Macedonia,MKD,2015,4786.894
North Macedonia,MKD,2016,4014.1199
North Macedonia,MKD,2017,18009.871
North Macedonia,MKD,2018,2511.508
North Macedonia,MKD,2019,14854.386
North Macedonia,MKD,2020,794.23804
North Macedonia,MKD,2021,11183.723
North Macedonia,MKD,2022,2919.3608
North Macedonia,MKD,2023,11634.503
North Macedonia,MKD,2024,66694.46
North Macedonia,MKD,2025,20027.658
Northern Mariana Islands,MNP,2002,0
Northern Mariana Islands,MNP,2003,0
Northern Mariana Islands,MNP,2004,0
Northern Mariana Islands,MNP,2005,0
Northern Mariana Islands,MNP,2006,0
Northern Mariana Islands,MNP,2007,0
Northern Mariana Islands,MNP,2008,0
Northern Mariana Islands,MNP,2009,0
Northern Mariana Islands,MNP,2010,0
Northern Mariana Islands,MNP,2011,0
Northern Mariana Islands,MNP,2012,0
Northern Mariana Islands,MNP,2013,0
Northern Mariana Islands,MNP,2014,0
Northern Mariana Islands,MNP,2015,0
Northern Mariana Islands,MNP,2016,0
Northern Mariana Islands,MNP,2017,0
Northern Mariana Islands,MNP,2018,0
Northern Mariana Islands,MNP,2019,0
Northern Mariana Islands,MNP,2020,0
Northern Mariana Islands,MNP,2021,0
Northern Mariana Islands,MNP,2022,0
Northern Mariana Islands,MNP,2023,0
Northern Mariana Islands,MNP,2024,0
Northern Mariana Islands,MNP,2025,0
Norway,NOR,2002,515.18097
Norway,NOR,2003,3112.55
Norway,NOR,2004,0
Norway,NOR,2005,0
Norway,NOR,2006,2554.44
Norway,NOR,2007,2983.756
Norway,NOR,2008,5237.672
Norway,NOR,2009,0
Norway,NOR,2010,0
Norway,NOR,2011,0
Norway,NOR,2012,0
Norway,NOR,2013,0
Norway,NOR,2014,42.932
Norway,NOR,2015,0
Norway,NOR,2016,0
Norway,NOR,2017,0
Norway,NOR,2018,665.445
Norway,NOR,2019,1287.952
Norway,NOR,2020,0
Norway,NOR,2021,0
Norway,NOR,2022,0
Norway,NOR,2023,0
Norway,NOR,2024,0
Norway,NOR,2025,0
Oceania,OWID_OCE,2002,77404530
Oceania,OWID_OCE,2003,32019754
Oceania,OWID_OCE,2004,64694456
Oceania,OWID_OCE,2005,28174830
Oceania,OWID_OCE,2006,58025588
Oceania,OWID_OCE,2007,51736090
Oceania,OWID_OCE,2008,31795392
Oceania,OWID_OCE,2009,40984332
Oceania,OWID_OCE,2010,18684298
Oceania,OWID_OCE,2011,88109896
Oceania,OWID_OCE,2012,90195220
Oceania,OWID_OCE,2013,28609384
Oceania,OWID_OCE,2014,47214260
Oceania,OWID_OCE,2015,42970612
Oceania,OWID_OCE,2016,24413368
Oceania,OWID_OCE,2017,49383924
Oceania,OWID_OCE,2018,52644052
Oceania,OWID_OCE,2019,36344376
Oceania,OWID_OCE,2020,17033768
Oceania,OWID_OCE,2021,26741406
Oceania,OWID_OCE,2022,28322410
Oceania,OWID_OCE,2023,72803060
Oceania,OWID_OCE,2024,35304460
Oceania,OWID_OCE,2025,50630360
Oman,OMN,2002,0
Oman,OMN,2003,0
Oman,OMN,2004,0
Oman,OMN,2005,0
Oman,OMN,2006,0
Oman,OMN,2007,0
Oman,OMN,2008,0
Oman,OMN,2009,0
Oman,OMN,2010,0
Oman,OMN,2011,0
Oman,OMN,2012,0
Oman,OMN,2013,0
Oman,OMN,2014,0
Oman,OMN,2015,0
Oman,OMN,2016,0
Oman,OMN,2017,21.466
Oman,OMN,2018,0
Oman,OMN,2019,0
Oman,OMN,2020,0
Oman,OMN,2021,0
Oman,OMN,2022,0
Oman,OMN,2023,0
Oman,OMN,2024,0
Oman,OMN,2025,0
Pakistan,PAK,2002,119221.43
Pakistan,PAK,2003,145989.38
Pakistan,PAK,2004,261196.67
Pakistan,PAK,2005,372175.22
Pakistan,PAK,2006,111064.39
Pakistan,PAK,2007,126476.9
Pakistan,PAK,2008,150089.34
Pakistan,PAK,2009,184713.78
Pakistan,PAK,2010,197378.66
Pakistan,PAK,2011,129847.03
Pakistan,PAK,2012,207424.69
Pakistan,PAK,2013,271929.62
Pakistan,PAK,2014,150583.06
Pakistan,PAK,2015,132251.22
Pakistan,PAK,2016,259715.53
Pakistan,PAK,2017,268838.53
Pakistan,PAK,2018,323297.44
Pakistan,PAK,2019,180742.61
Pakistan,PAK,2020,179862.5
Pakistan,PAK,2021,289724.8
Pakistan,PAK,2022,281868.3
Pakistan,PAK,2023,191346.75
Pakistan,PAK,2024,366787.28
Pakistan,PAK,2025,443184.3
Palau,PLW,2002,0
Palau,PLW,2003,0
Palau,PLW,2004,0
Palau,PLW,2005,0
Palau,PLW,2006,0
Palau,PLW,2007,0
Palau,PLW,2008,0
Palau,PLW,2009,0
Palau,PLW,2010,0
Palau,PLW,2011,0
Palau,PLW,2012,0
Palau,PLW,2013,0
Palau,PLW,2014,0
Palau,PLW,2015,0
Palau,PLW,2016,0
Palau,PLW,2017,0
Palau,PLW,2018,0
Palau,PLW,2019,0
Palau,PLW,2020,0
Palau,PLW,2021,0
Palau,PLW,2022,0
Palau,PLW,2023,0
Palau,PLW,2024,0
Palau,PLW,2025,0
Palestine,PSE,2002,515.18097
Palestine,PSE,2003,42.932
Palestine,PSE,2004,686.908
Palestine,PSE,2005,236.125
Palestine,PSE,2006,42.932
Palestine,PSE,2007,42.932
Palestine,PSE,2008,150.261
Palestine,PSE,2009,0
Palestine,PSE,2010,128.795
Palestine,PSE,2011,0
Palestine,PSE,2012,0
Palestine,PSE,2013,0
Palestine,PSE,2014,0
Palestine,PSE,2015,880.101
Palestine,PSE,2016,386.385
Palestine,PSE,2017,472.249
Palestine,PSE,2018,0
Palestine,PSE,2019,558.113
Palestine,PSE,2020,171.728
Palestine,PSE,2021,751.306
Palestine,PSE,2022,0
Palestine,PSE,2023,493.715
Palestine,PSE,2024,429.31702
Palestine,PSE,2025,1116.225
Panama,PAN,2002,29322.379
Panama,PAN,2003,134440.73
Panama,PAN,2004,97175.99
Panama,PAN,2005,14103.078
Panama,PAN,2006,43146.395
Panama,PAN,2007,18997.299
Panama,PAN,2008,27046.994
Panama,PAN,2009,64290.277
Panama,PAN,2010,16464.322
Panama,PAN,2011,8500.485
Panama,PAN,2012,29021.852
Panama,PAN,2013,23741.246
Panama,PAN,2014,23655.389
Panama,PAN,2015,68154.125
Panama,PAN,2016,45486.18
Panama,PAN,2017,18911.43
Panama,PAN,2018,16399.928
Panama,PAN,2019,66694.46
Panama,PAN,2020,42051.633
Panama,PAN,2021,7019.338
Panama,PAN,2022,10582.675
Panama,PAN,2023,30460.074
Panama,PAN,2024,16249.668
Panama,PAN,2025,2983.759
Papua New Guinea,PNG,2002,351911.44
Papua New Guinea,PNG,2003,349163.8
Papua New Guinea,PNG,2004,690514
Papua New Guinea,PNG,2005,198752.48
Papua New Guinea,PNG,2006,411071.38
Papua New Guinea,PNG,2007,140773.17
Papua New Guinea,PNG,2008,160156.84
Papua New Guinea,PNG,2009,185314.84
Papua New Guinea,PNG,2010,206930.98
Papua New Guinea,PNG,2011,128494.69
Papua New Guinea,PNG,2012,144164.78
Papua New Guinea,PNG,2013,170610.73
Papua New Guinea,PNG,2014,338667
Papua New Guinea,PNG,2015,742182.4
Papua New Guinea,PNG,2016,111965.984
Papua New Guinea,PNG,2017,162088.77
Papua New Guinea,PNG,2018,416094.38
Papua New Guinea,PNG,2019,174066.72
Papua New Guinea,PNG,2020,108467.03
Papua New Guinea,PNG,2021,122376.92
Papua New Guinea,PNG,2022,144078.9
Papua New Guinea,PNG,2023,309773.94
Papua New Guinea,PNG,2024,122183.73
Papua New Guinea,PNG,2025,64247.35
Paraguay,PRY,2002,3271183.5
Paraguay,PRY,2003,3414124.8
Paraguay,PRY,2004,1914798.2
Paraguay,PRY,2005,2978238.8
Paraguay,PRY,2006,2575281.8
Paraguay,PRY,2007,3905006
Paraguay,PRY,2008,2204823.8
Paraguay,PRY,2009,1568360.8
Paraguay,PRY,2010,1604401.9
Paraguay,PRY,2011,1995746.1
Paraguay,PRY,2012,1654030.9
Paraguay,PRY,2013,2387262
Paraguay,PRY,2014,1335520.4
Paraguay,PRY,2015,1211018.4
Paraguay,PRY,2016,1799247.6
Paraguay,PRY,2017,3438338.2
Paraguay,PRY,2018,1667747.6
Paraguay,PRY,2019,2514511.8
Paraguay,PRY,2020,3817768.8
Paraguay,PRY,2021,2700814
Paraguay,PRY,2022,1829407.1
Paraguay,PRY,2023,1991732
Paraguay,PRY,2024,1937251.6
Paraguay,PRY,2025,845948.4
Peru,PER,2002,38939.082
Peru,PER,2003,104817.836
Peru,PER,2004,45164.188
Peru,PER,2005,280365.7
Peru,PER,2006,76439.96
Peru,PER,2007,122291.05
Peru,PER,2008,72361.445
Peru,PER,2009,56369.375
Peru,PER,2010,229813.6
Peru,PER,2011,43210.793
Peru,PER,2012,117096.31
Peru,PER,2013,65642.63
Peru,PER,2014,63989.754
Peru,PER,2015,75345.2
Peru,PER,2016,179325.88
Peru,PER,2017,66458.336
Peru,PER,2018,69034.234
Peru,PER,2019,131392.58
Peru,PER,2020,193471.88
Peru,PER,2021,71717.48
Peru,PER,2022,268087.25
Peru,PER,2023,103851.88
Peru,PER,2024,301595.44
Peru,PER,2025,52548.445
Philippines,PHL,2002,133195.72
Philippines,PHL,2003,150969.47
Philippines,PHL,2004,99837.78
Philippines,PHL,2005,157538.03
Philippines,PHL,2006,87967.15
Philippines,PHL,2007,125489.49
Philippines,PHL,2008,35311.363
Philippines,PHL,2009,75452.54
Philippines,PHL,2010,162281.97
Philippines,PHL,2011,67445.766
Philippines,PHL,2012,61950.5
Philippines,PHL,2013,64268.824
Philippines,PHL,2014,109797.93
Philippines,PHL,2015,121797.35
Philippines,PHL,2016,118384.29
Philippines,PHL,2017,64290.285
Philippines,PHL,2018,88095.93
Philippines,PHL,2019,105053.97
Philippines,PHL,2020,102993.25
Philippines,PHL,2021,66780.32
Philippines,PHL,2022,36491.98
Philippines,PHL,2023,76096.516
Philippines,PHL,2024,133045.45
Philippines,PHL,2025,28828.672
Poland,POL,2002,18525.047
Poland,POL,2003,21809.324
Poland,POL,2004,7276.932
Poland,POL,2005,10647.07
Poland,POL,2006,8092.637
Poland,POL,2007,3520.4019
Poland,POL,2008,14789.982
Poland,POL,2009,2532.9749
Poland,POL,2010,8779.545
Poland,POL,2011,3777.993
Poland,POL,2012,4400.507
Poland,POL,2013,2447.11
Poland,POL,2014,1545.544
Poland,POL,2015,4464.901
Poland,POL,2016,1330.8839
Poland,POL,2017,837.17
Poland,POL,2018,3091.087
Poland,POL,2019,880.10205
Poland,POL,2020,4314.641
Poland,POL,2021,193.193
Poland,POL,2022,3735.061
Poland,POL,2023,1974.86
Poland,POL,2024,300.523
Poland,POL,2025,2790.565
Portugal,PRT,2002,101404.77
Portugal,PRT,2003,473923.44
Portugal,PRT,2004,107672.8
Portugal,PRT,2005,332484.84
Portugal,PRT,2006,68733.71
Portugal,PRT,2007,17000.97
Portugal,PRT,2008,6761.753
Portugal,PRT,2009,66909.12
Portugal,PRT,2010,151141.17
Portugal,PRT,2011,55961.52
Portugal,PRT,2012,88718.445
Portugal,PRT,2013,178188.17
Portugal,PRT,2014,10947.598
Portugal,PRT,2015,42566.82
Portugal,PRT,2016,161101.34
Portugal,PRT,2017,523552.5
Portugal,PRT,2018,36148.527
Portugal,PRT,2019,28742.799
Portugal,PRT,2020,53750.54
Portugal,PRT,2021,15992.074
Portugal,PRT,2022,95437.26
Portugal,PRT,2023,27970.031
Portugal,PRT,2024,140086.25
Portugal,PRT,2025,266906.6
Puerto Rico,PRI,2002,0
Puerto Rico,PRI,2003,1373.814
Puerto Rico,PRI,2004,1008.896
Puerto Rico,PRI,2005,1395.2821
Puerto Rico,PRI,2006,1287.953
Puerto Rico,PRI,2007,2532.9722
Puerto Rico,PRI,2008,2082.189
Puerto Rico,PRI,2009,386.386
Puerto Rico,PRI,2010,1824.5979
Puerto Rico,PRI,2011,1652.873
Puerto Rico,PRI,2012,2425.6438
Puerto Rico,PRI,2013,2876.427
Puerto Rico,PRI,2014,107.33
Puerto Rico,PRI,2015,686.908
Puerto Rico,PRI,2016,279.056
Puerto Rico,PRI,2017,257.591
Puerto Rico,PRI,2018,429.31802
Puerto Rico,PRI,2019,1373.8151
Puerto Rico,PRI,2020,0
Puerto Rico,PRI,2021,214.66
Puerto Rico,PRI,2022,0
Puerto Rico,PRI,2023,300.522
Puerto Rico,PRI,2024,85.864
Puerto Rico,PRI,2025,794.238
Qatar,QAT,2002,0
Qatar,QAT,2003,0
Qatar,QAT,2004,0
Qatar,QAT,2005,0
Qatar,QAT,2006,0
Qatar,QAT,2007,0
Qatar,QAT,2008,0
Qatar,QAT,2009,0
Qatar,QAT,2010,0
Qatar,QAT,2011,0
Qatar,QAT,2012,0
Qatar,QAT,2013,0
Qatar,QAT,2014,0
Qatar,QAT,2015,0
Qatar,QAT,2016,0
Qatar,QAT,2017,0
Qatar,QAT,2018,0
Qatar,QAT,2019,0
Qatar,QAT,2020,0
Qatar,QAT,2021,0
Qatar,QAT,2022,0
Qatar,QAT,2023,0
Qatar,QAT,2024,0
Qatar,QAT,2025,0
Reunion,REU,2002,0
Reunion,REU,2003,0
Reunion,REU,2004,0
Reunion,REU,2005,0
Reunion,REU,2006,0
Reunion,REU,2007,0
Reunion,REU,2008,0
Reunion,REU,2009,0
Reunion,REU,2010,944.499
Reunion,REU,2011,2060.7239
Reunion,REU,2012,0
Reunion,REU,2013,0
Reunion,REU,2014,0
Reunion,REU,2015,0
Reunion,REU,2016,0
Reunion,REU,2017,0
Reunion,REU,2018,0
Reunion,REU,2019,0
Reunion,REU,2020,0
Reunion,REU,2021,0
Reunion,REU,2022,0
Reunion,REU,2023,0
Reunion,REU,2024,107.329
Reunion,REU,2025,0
Romania,ROU,2002,39905.047
Romania,ROU,2003,48105.008
Romania,ROU,2004,121990.53
Romania,ROU,2005,157795.6
Romania,ROU,2006,221270.17
Romania,ROU,2007,135771.62
Romania,ROU,2008,501592.94
Romania,ROU,2009,131392.58
Romania,ROU,2010,233849.16
Romania,ROU,2011,319648.25
Romania,ROU,2012,306554.06
Romania,ROU,2013,124781.086
Romania,ROU,2014,154618.66
Romania,ROU,2015,102048.734
Romania,ROU,2016,149745.9
Romania,ROU,2017,132315.62
Romania,ROU,2018,60834.273
Romania,ROU,2019,193922.66
Romania,ROU,2020,84790.18
Romania,ROU,2021,130233.42
Romania,ROU,2022,93161.87
Romania,ROU,2023,18245.986
Romania,ROU,2024,35955.332
Romania,ROU,2025,57485.594
Russia,RUS,2002,15745600
Russia,RUS,2003,22363206
Russia,RUS,2004,10476095
Russia,RUS,2005,12686542
Russia,RUS,2006,14532928
Russia,RUS,2007,10961481
Russia,RUS,2008,23362698
Russia,RUS,2009,12817548
Russia,RUS,2010,10941539
Russia,RUS,2011,12581037
Russia,RUS,2012,14625855
Russia,RUS,2013,6779414.5
Russia,RUS,2014,19278882
Russia,RUS,2015,9468122
Russia,RUS,2016,9281025
Russia,RUS,2017,8092589
Russia,RUS,2018,11946528
Russia,RUS,2019,11571670
Russia,RUS,2020,10508959
Russia,RUS,2021,12612507
Russia,RUS,2022,7759202.5
Russia,RUS,2023,7957590
Russia,RUS,2024,9773538
Russia,RUS,2025,5339033.5
Rwanda,RWA,2002,59589.25
Rwanda,RWA,2003,37479.406
Rwanda,RWA,2004,26725.006
Rwanda,RWA,2005,26853.8
Rwanda,RWA,2006,16893.637
Rwanda,RWA,2007,5946.045
Rwanda,RWA,2008,18589.441
Rwanda,RWA,2009,13995.748
Rwanda,RWA,2010,35805.066
Rwanda,RWA,2011,7749.177
Rwanda,RWA,2012,30073.68
Rwanda,RWA,2013,36212.92
Rwanda,RWA,2014,28764.264
Rwanda,RWA,2015,65277.7
Rwanda,RWA,2016,62122.223
Rwanda,RWA,2017,53578.81
Rwanda,RWA,2018,32928.64
Rwanda,RWA,2019,37865.79
Rwanda,RWA,2020,43232.258
Rwanda,RWA,2021,37436.477
Rwanda,RWA,2022,35418.68
Rwanda,RWA,2023,36019.727
Rwanda,RWA,2024,50273.062
Rwanda,RWA,2025,33594.086
Saint Helena,SHN,2002,0
Saint Helena,SHN,2003,0
Saint Helena,SHN,2004,0
Saint Helena,SHN,2005,0
Saint Helena,SHN,2006,0
Saint Helena,SHN,2007,0
Saint Helena,SHN,2008,0
Saint Helena,SHN,2009,0
Saint Helena,SHN,2010,0
Saint Helena,SHN,2011,0
Saint Helena,SHN,2012,0
Saint Helena,SHN,2013,0
Saint Helena,SHN,2014,0
Saint Helena,SHN,2015,0
Saint Helena,SHN,2016,0
Saint Helena,SHN,2017,0
Saint Helena,SHN,2018,0
Saint Helena,SHN,2019,0
Saint Helena,SHN,2020,0
Saint Helena,SHN,2021,0
Saint Helena,SHN,2022,0
Saint Helena,SHN,2023,0
Saint Helena,SHN,2024,0
Saint Helena,SHN,2025,0
Saint Kitts and Nevis,KNA,2002,0
Saint Kitts and Nevis,KNA,2003,0
Saint Kitts and Nevis,KNA,2004,0
Saint Kitts and Nevis,KNA,2005,0
Saint Kitts and Nevis,KNA,2006,0
Saint Kitts and Nevis,KNA,2007,0
Saint Kitts and Nevis,KNA,2008,0
Saint Kitts and Nevis,KNA,2009,0
Saint Kitts and Nevis,KNA,2010,85.864
Saint Kitts and Nevis,KNA,2011,0
Saint Kitts and Nevis,KNA,2012,0
Saint Kitts and Nevis,KNA,2013,0
Saint Kitts and Nevis,KNA,2014,0
Saint Kitts and Nevis,KNA,2015,0
Saint Kitts and Nevis,KNA,2016,0
Saint Kitts and Nevis,KNA,2017,0
Saint Kitts and Nevis,KNA,2018,0
Saint Kitts and Nevis,KNA,2019,0
Saint Kitts and Nevis,KNA,2020,0
Saint Kitts and Nevis,KNA,2021,0
Saint Kitts and Nevis,KNA,2022,0
Saint Kitts and Nevis,KNA,2023,0
Saint Kitts and Nevis,KNA,2024,0
Saint Kitts and Nevis,KNA,2025,0
Saint Lucia,LCA,2002,0
Saint Lucia,LCA,2003,0
Saint Lucia,LCA,2004,0
Saint Lucia,LCA,2005,0
Saint Lucia,LCA,2006,0
Saint Lucia,LCA,2007,0
Saint Lucia,LCA,2008,0
Saint Lucia,LCA,2009,0
Saint Lucia,LCA,2010,0
Saint Lucia,LCA,2011,0
Saint Lucia,LCA,2012,0
Saint Lucia,LCA,2013,0
Saint Lucia,LCA,2014,0
Saint Lucia,LCA,2015,0
Saint Lucia,LCA,2016,0
Saint Lucia,LCA,2017,0
Saint Lucia,LCA,2018,0
Saint Lucia,LCA,2019,0
Saint Lucia,LCA,2020,0
Saint Lucia,LCA,2021,0
Saint Lucia,LCA,2022,0
Saint Lucia,LCA,2023,0
Saint Lucia,LCA,2024,0
Saint Lucia,LCA,2025,0
Saint Pierre and Miquelon,SPM,2002,0
Saint Pierre and Miquelon,SPM,2003,0
Saint Pierre and Miquelon,SPM,2004,0
Saint Pierre and Miquelon,SPM,2005,0
Saint Pierre and Miquelon,SPM,2006,0
Saint Pierre and Miquelon,SPM,2007,0
Saint Pierre and Miquelon,SPM,2008,0
Saint Pierre and Miquelon,SPM,2009,0
Saint Pierre and Miquelon,SPM,2010,0
Saint Pierre and Miquelon,SPM,2011,0
Saint Pierre and Miquelon,SPM,2012,0
Saint Pierre and Miquelon,SPM,2013,0
Saint Pierre and Miquelon,SPM,2014,0
Saint Pierre and Miquelon,SPM,2015,0
Saint Pierre and Miquelon,SPM,2016,0
Saint Pierre and Miquelon,SPM,2017,0
Saint Pierre and Miquelon,SPM,2018,0
Saint Pierre and Miquelon,SPM,2019,0
Saint Pierre and Miquelon,SPM,2020,0
Saint Pierre and Miquelon,SPM,2021,0
Saint Pierre and Miquelon,SPM,2022,0
Saint Pierre and Miquelon,SPM,2023,0
Saint Pierre and Miquelon,SPM,2024,0
Saint Pierre and Miquelon,SPM,2025,0
Saint Vincent and the Grenadines,VCT,2002,0
Saint Vincent and the Grenadines,VCT,2003,0
Saint Vincent and the Grenadines,VCT,2004,0
Saint Vincent and the Grenadines,VCT,2005,0
Saint Vincent and the Grenadines,VCT,2006,0
Saint Vincent and the Grenadines,VCT,2007,0
Saint Vincent and the Grenadines,VCT,2008,0
Saint Vincent and the Grenadines,VCT,2009,0
Saint Vincent and the Grenadines,VCT,2010,0
Saint Vincent and the Grenadines,VCT,2011,0
Saint Vincent and the Grenadines,VCT,2012,0
Saint Vincent and the Grenadines,VCT,2013,0
Saint Vincent and the Grenadines,VCT,2014,0
Saint Vincent and the Grenadines,VCT,2015,0
Saint Vincent and the Grenadines,VCT,2016,0
Saint Vincent and the Grenadines,VCT,2017,0
Saint Vincent and the Grenadines,VCT,2018,0
Saint Vincent and the Grenadines,VCT,2019,0
Saint Vincent and the Grenadines,VCT,2020,0
Saint Vincent and the Grenadines,VCT,2021,0
Saint Vincent and the Grenadines,VCT,2022,0
Saint Vincent and the Grenadines,VCT,2023,0
Saint Vincent and the Grenadines,VCT,2024,0
Saint Vincent and the Grenadines,VCT,2025,0
Samoa,WSM,2002,0
Samoa,WSM,2003,0
Samoa,WSM,2004,0
Samoa,WSM,2005,0
Samoa,WSM,2006,0
Samoa,WSM,2007,0
Samoa,WSM,2008,0
Samoa,WSM,2009,0
Samoa,WSM,2010,0
Samoa,WSM,2011,1416.748
Samoa,WSM,2012,0
Samoa,WSM,2013,0
Samoa,WSM,2014,0
Samoa,WSM,2015,0
Samoa,WSM,2016,0
Samoa,WSM,2017,0
Samoa,WSM,2018,0
Samoa,WSM,2019,0
Samoa,WSM,2020,0
Samoa,WSM,2021,0
Samoa,WSM,2022,0
Samoa,WSM,2023,0
Samoa,WSM,2024,0
Samoa,WSM,2025,0
San Marino,SMR,2002,0
San Marino,SMR,2003,0
San Marino,SMR,2004,0
San Marino,SMR,2005,0
San Marino,SMR,2006,0
San Marino,SMR,2007,0
San Marino,SMR,2008,0
San Marino,SMR,2009,0
San Marino,SMR,2010,0
San Marino,SMR,2011,0
San Marino,SMR,2012,0
San Marino,SMR,2013,0
San Marino,SMR,2014,0
San Marino,SMR,2015,0
San Marino,SMR,2016,0
San Marino,SMR,2017,0
San Marino,SMR,2018,0
San Marino,SMR,2019,0
San Marino,SMR,2020,0
San Marino,SMR,2021,0
San Marino,SMR,2022,0
San Marino,SMR,2023,0
San Marino,SMR,2024,0
San Marino,SMR,2025,0
Sao Tome and Principe,STP,2002,0
Sao Tome and Principe,STP,2003,0
Sao Tome and Principe,STP,2004,0
Sao Tome and Principe,STP,2005,0
Sao Tome and Principe,STP,2006,21.466
Sao Tome and Principe,STP,2007,42.932
Sao Tome and Principe,STP,2008,21.466
Sao Tome and Principe,STP,2009,0
Sao Tome and Principe,STP,2010,0
Sao Tome and Principe,STP,2011,0
Sao Tome and Principe,STP,2012,0
Sao Tome and Principe,STP,2013,0
Sao Tome and Principe,STP,2014,0
Sao Tome and Principe,STP,2015,0
Sao Tome and Principe,STP,2016,0
Sao Tome and Principe,STP,2017,0
Sao Tome and Principe,STP,2018,0
Sao Tome and Principe,STP,2019,21.466
Sao Tome and Principe,STP,2020,0
Sao Tome and Principe,STP,2021,0
Sao Tome and Principe,STP,2022,0
Sao Tome and Principe,STP,2023,21.466
Sao Tome and Principe,STP,2024,0
Sao Tome and Principe,STP,2025,0
Saudi Arabia,SAU,2002,94471.28
Saudi Arabia,SAU,2003,60362.016
Saudi Arabia,SAU,2004,76955.14
Saudi Arabia,SAU,2005,94535.68
Saudi Arabia,SAU,2006,70064.59
Saudi Arabia,SAU,2007,57871.984
Saudi Arabia,SAU,2008,15584.221
Saudi Arabia,SAU,2009,21208.277
Saudi Arabia,SAU,2010,20371.111
Saudi Arabia,SAU,2011,10711.469
Saudi Arabia,SAU,2012,8157.0303
Saudi Arabia,SAU,2013,14231.87
Saudi Arabia,SAU,2014,8264.362
Saudi Arabia,SAU,2015,8801.005
Saudi Arabia,SAU,2016,7040.806
Saudi Arabia,SAU,2017,3735.062
Saudi Arabia,SAU,2018,4486.368
Saudi Arabia,SAU,2019,1159.158
Saudi Arabia,SAU,2020,5881.647
Saudi Arabia,SAU,2021,5988.9756
Saudi Arabia,SAU,2022,9230.323
Saudi Arabia,SAU,2023,8178.495
Saudi Arabia,SAU,2024,12793.659
Saudi Arabia,SAU,2025,10003.096
Senegal,SEN,2002,4947646.5
Senegal,SEN,2003,2907981
Senegal,SEN,2004,4848066.5
Senegal,SEN,2005,5093442.5
Senegal,SEN,2006,5921574.5
Senegal,SEN,2007,4173673
Senegal,SEN,2008,4610031
Senegal,SEN,2009,4060698.2
Senegal,SEN,2010,4685355
Senegal,SEN,2011,5552082
Senegal,SEN,2012,3576428
Senegal,SEN,2013,4318825
Senegal,SEN,2014,3898008.2
Senegal,SEN,2015,2758471.2
Senegal,SEN,2016,4417654
Senegal,SEN,2017,4245777
Senegal,SEN,2018,3262768.8
Senegal,SEN,2019,4019161.8
Senegal,SEN,2020,4622524.5
Senegal,SEN,2021,4694843
Senegal,SEN,2022,4526722
Senegal,SEN,2023,5283244
Senegal,SEN,2024,4147162.5
Senegal,SEN,2025,3934672
Serbia,SRB,2002,18546.51
Serbia,SRB,2003,34452.72
Serbia,SRB,2004,59009.67
Serbia,SRB,2005,12106.749
Serbia,SRB,2006,42373.62
Serbia,SRB,2007,59181.406
Serbia,SRB,2008,88095.93
Serbia,SRB,2009,45572.035
Serbia,SRB,2010,12235.547
Serbia,SRB,2011,70558.31
Serbia,SRB,2012,180764.06
Serbia,SRB,2013,5967.5117
Serbia,SRB,2014,3971.189
Serbia,SRB,2015,5988.9766
Serbia,SRB,2016,7148.135
Serbia,SRB,2017,28571.074
Serbia,SRB,2018,54308.65
Serbia,SRB,2019,33830.207
Serbia,SRB,2020,13802.553
Serbia,SRB,2021,14961.711
Serbia,SRB,2022,11784.762
Serbia,SRB,2023,17580.545
Serbia,SRB,2024,114541.87
Serbia,SRB,2025,13974.281
Seychelles,SYC,2002,0
Seychelles,SYC,2003,0
Seychelles,SYC,2004,0
Seychelles,SYC,2005,0
Seychelles,SYC,2006,0
Seychelles,SYC,2007,0
Seychelles,SYC,2008,0
Seychelles,SYC,2009,0
Seychelles,SYC,2010,0
Seychelles,SYC,2011,0
Seychelles,SYC,2012,0
Seychelles,SYC,2013,0
Seychelles,SYC,2014,0
Seychelles,SYC,2015,0
Seychelles,SYC,2016,0
Seychelles,SYC,2017,0
Seychelles,SYC,2018,0
Seychelles,SYC,2019,0
Seychelles,SYC,2020,0
Seychelles,SYC,2021,0
Seychelles,SYC,2022,0
Seychelles,SYC,2023,0
Seychelles,SYC,2024,0
Seychelles,SYC,2025,0
Sierra Leone,SLE,2002,552509.94
Sierra Leone,SLE,2003,1040364.75
Sierra Leone,SLE,2004,1075096.5
Sierra Leone,SLE,2005,916828.7
Sierra Leone,SLE,2006,1730835.8
Sierra Leone,SLE,2007,1429476.5
Sierra Leone,SLE,2008,805270.56
Sierra Leone,SLE,2009,787325.06
Sierra Leone,SLE,2010,422770.25
Sierra Leone,SLE,2011,577388.94
Sierra Leone,SLE,2012,1042275.2
Sierra Leone,SLE,2013,822808.2
Sierra Leone,SLE,2014,936427
Sierra Leone,SLE,2015,1436109.4
Sierra Leone,SLE,2016,1047062.1
Sierra Leone,SLE,2017,900257
Sierra Leone,SLE,2018,661019.94
Sierra Leone,SLE,2019,593960.56
Sierra Leone,SLE,2020,561525.6
Sierra Leone,SLE,2021,546778.56
Sierra Leone,SLE,2022,774831.94
Sierra Leone,SLE,2023,544546.1
Sierra Leone,SLE,2024,921443.8
Sierra Leone,SLE,2025,582454.8
Singapore,SGP,2002,0
Singapore,SGP,2003,0
Singapore,SGP,2004,0
Singapore,SGP,2005,0
Singapore,SGP,2006,0
Singapore,SGP,2007,0
Singapore,SGP,2008,0
Singapore,SGP,2009,0
Singapore,SGP,2010,0
Singapore,SGP,2011,0
Singapore,SGP,2012,0
Singapore,SGP,2013,0
Singapore,SGP,2014,0
Singapore,SGP,2015,0
Singapore,SGP,2016,0
Singapore,SGP,2017,0
Singapore,SGP,2018,0
Singapore,SGP,2019,0
Singapore,SGP,2020,0
Singapore,SGP,2021,0
Singapore,SGP,2022,0
Singapore,SGP,2023,0
Singapore,SGP,2024,0
Singapore,SGP,2025,0
Slovakia,SVK,2002,5473.797
Slovakia,SVK,2003,880.101
Slovakia,SVK,2004,2125.122
Slovakia,SVK,2005,1051.828
Slovakia,SVK,2006,171.727
Slovakia,SVK,2007,1094.76
Slovakia,SVK,2008,407.852
Slovakia,SVK,2009,279.056
Slovakia,SVK,2010,193.193
Slovakia,SVK,2011,1824.599
Slovakia,SVK,2012,2296.8489
Slovakia,SVK,2013,1180.623
Slovakia,SVK,2014,2232.4512
Slovakia,SVK,2015,1180.623
Slovakia,SVK,2016,729.84
Slovakia,SVK,2017,279.057
Slovakia,SVK,2018,171.727
Slovakia,SVK,2019,42.932
Slovakia,SVK,2020,321.988
Slovakia,SVK,2021,343.45502
Slovakia,SVK,2022,772.772
Slovakia,SVK,2023,171.727
Slovakia,SVK,2024,343.454
Slovakia,SVK,2025,1030.3619
Slovenia,SVN,2002,0
Slovenia,SVN,2003,751.30597
Slovenia,SVN,2004,21.466
Slovenia,SVN,2005,0
Slovenia,SVN,2006,493.715
Slovenia,SVN,2007,42.932
Slovenia,SVN,2008,0
Slovenia,SVN,2009,128.795
Slovenia,SVN,2010,0
Slovenia,SVN,2011,1631.406
Slovenia,SVN,2012,794.238
Slovenia,SVN,2013,21.466
Slovenia,SVN,2014,64.398
Slovenia,SVN,2015,0
Slovenia,SVN,2016,364.92
Slovenia,SVN,2017,171.727
Slovenia,SVN,2018,150.261
Slovenia,SVN,2019,0
Slovenia,SVN,2020,0
Slovenia,SVN,2021,0
Slovenia,SVN,2022,3649.197
Slovenia,SVN,2023,0
Slovenia,SVN,2024,21.466
Slovenia,SVN,2025,214.659
Solomon Islands,SLB,2002,85.864
Solomon Islands,SLB,2003,0
Solomon Islands,SLB,2004,0
Solomon Islands,SLB,2005,0
Solomon Islands,SLB,2006,0
Solomon Islands,SLB,2007,0
Solomon Islands,SLB,2008,0
Solomon Islands,SLB,2009,0
Solomon Islands,SLB,2010,0
Solomon Islands,SLB,2011,0
Solomon Islands,SLB,2012,0
Solomon Islands,SLB,2013,0
Solomon Islands,SLB,2014,0
Solomon Islands,SLB,2015,85.864
Solomon Islands,SLB,2016,0
Solomon Islands,SLB,2017,0
Solomon Islands,SLB,2018,0
Solomon Islands,SLB,2019,0
Solomon Islands,SLB,2020,0
Solomon Islands,SLB,2021,0
Solomon Islands,SLB,2022,0
Solomon Islands,SLB,2023,0
Solomon Islands,SLB,2024,0
Solomon Islands,SLB,2025,0
Somalia,SOM,2002,23569.523
Somalia,SOM,2003,140816.08
Somalia,SOM,2004,20564.303
Somalia,SOM,2005,26703.54
Somalia,SOM,2006,7555.984
Somalia,SOM,2007,37415.01
Somalia,SOM,2008,26617.678
Somalia,SOM,2009,12299.942
Somalia,SOM,2010,24277.895
Somalia,SOM,2011,3670.664
Somalia,SOM,2012,66308.06
Somalia,SOM,2013,71996.52
Somalia,SOM,2014,15348.093
Somalia,SOM,2015,2425.643
Somalia,SOM,2016,5946.0483
Somalia,SOM,2017,21.466
Somalia,SOM,2018,429.318
Somalia,SOM,2019,2747.6301
Somalia,SOM,2020,16893.639
Somalia,SOM,2021,5666.989
Somalia,SOM,2022,1287.952
Somalia,SOM,2023,3348.6758
Somalia,SOM,2024,13609.359
Somalia,SOM,2025,3091.086
South Africa,ZAF,2002,5281720
South Africa,ZAF,2003,3784840.2
South Africa,ZAF,2004,3153013.8
South Africa,ZAF,2005,5172716
South Africa,ZAF,2006,3813239.5
South Africa,ZAF,2007,4125160.2
South Africa,ZAF,2008,4183332.8
South Africa,ZAF,2009,4155040.8
South Africa,ZAF,2010,4613594.5
South Africa,ZAF,2011,4450046
South Africa,ZAF,2012,4059281.5
South Africa,ZAF,2013,3859970.8
South Africa,ZAF,2014,3899575.5
South Africa,ZAF,2015,2760295.8
South Africa,ZAF,2016,1624751.5
South Africa,ZAF,2017,3095356.8
South Africa,ZAF,2018,3186178.8
South Africa,ZAF,2019,2851697.8
South Africa,ZAF,2020,3035574.2
South Africa,ZAF,2021,5183599
South Africa,ZAF,2022,3421874
South Africa,ZAF,2023,5590828
South Africa,ZAF,2024,4703450.5
South Africa,ZAF,2025,2587817.8
South America,OWID_SAM,2002,40104830
South America,OWID_SAM,2003,36377284
South America,OWID_SAM,2004,40519356
South America,OWID_SAM,2005,40402476
South America,OWID_SAM,2006,27983312
South America,OWID_SAM,2007,55840704
South America,OWID_SAM,2008,31093932
South America,OWID_SAM,2009,20923382
South America,OWID_SAM,2010,54733068
South America,OWID_SAM,2011,26073752
South America,OWID_SAM,2012,34997240
South America,OWID_SAM,2013,21341666
South America,OWID_SAM,2014,26119324
South America,OWID_SAM,2015,30332708
South America,OWID_SAM,2016,29590484
South America,OWID_SAM,2017,36017620
South America,OWID_SAM,2018,21464150
South America,OWID_SAM,2019,35333892
South America,OWID_SAM,2020,43235220
South America,OWID_SAM,2021,29372798
South America,OWID_SAM,2022,29934344
South America,OWID_SAM,2023,27056052
South America,OWID_SAM,2024,47399532
South America,OWID_SAM,2025,19300670
South Korea,KOR,2002,5452.33
South Korea,KOR,2003,9852.833
South Korea,KOR,2004,9208.858
South Korea,KOR,2005,9766.97
South Korea,KOR,2006,1738.736
South Korea,KOR,2007,4786.889
South Korea,KOR,2008,3048.153
South Korea,KOR,2009,5688.454
South Korea,KOR,2010,1008.897
South Korea,KOR,2011,19469.54
South Korea,KOR,2012,987.431
South Korea,KOR,2013,3906.7878
South Korea,KOR,2014,7877.975
South Korea,KOR,2015,6096.3066
South Korea,KOR,2016,2618.8362
South Korea,KOR,2017,8758.074
South Korea,KOR,2018,21.466
South Korea,KOR,2019,4679.559
South Korea,KOR,2020,7233.999
South Korea,KOR,2021,0
South Korea,KOR,2022,21444.4
South Korea,KOR,2023,2447.1099
South Korea,KOR,2024,472.25
South Korea,KOR,2025,97562.37
South Sudan,SSD,2002,35333936
South Sudan,SSD,2003,30660300
South Sudan,SSD,2004,31821088
South Sudan,SSD,2005,34587136
South Sudan,SSD,2006,25583322
South Sudan,SSD,2007,33248868
South Sudan,SSD,2008,31893664
South Sudan,SSD,2009,34229580
South Sudan,SSD,2010,24659086
South Sudan,SSD,2011,32028836
South Sudan,SSD,2012,30853384
South Sudan,SSD,2013,28987722
South Sudan,SSD,2014,29940828
South Sudan,SSD,2015,31617420
South Sudan,SSD,2016,33231544
South Sudan,SSD,2017,26600588
South Sudan,SSD,2018,34778224
South Sudan,SSD,2019,18115776
South Sudan,SSD,2020,30343014
South Sudan,SSD,2021,28143426
South Sudan,SSD,2022,21364570
South Sudan,SSD,2023,24668768
South Sudan,SSD,2024,29682316
South Sudan,SSD,2025,26577450
Spain,ESP,2002,158139.06
Spain,ESP,2003,206415.8
Spain,ESP,2004,200276.56
Spain,ESP,2005,183082.39
Spain,ESP,2006,142855.34
Spain,ESP,2007,85283.9
Spain,ESP,2008,32928.64
Spain,ESP,2009,94213.695
Spain,ESP,2010,30717.662
Spain,ESP,2011,87494.875
Spain,ESP,2012,204655.6
Spain,ESP,2013,74980.28
Spain,ESP,2014,32907.176
Spain,ESP,2015,82579.2
Spain,ESP,2016,76096.5
Spain,ESP,2017,139893.06
Spain,ESP,2018,12235.546
Spain,ESP,2019,51711.277
Spain,ESP,2020,55854.19
Spain,ESP,2021,69978.73
Spain,ESP,2022,284701.8
Spain,ESP,2023,61585.58
Spain,ESP,2024,24664.287
Spain,ESP,2025,369964.22
Sri Lanka,LKA,2002,61542.637
Sri Lanka,LKA,2003,70021.67
Sri Lanka,LKA,2004,78114.305
Sri Lanka,LKA,2005,90779.16
Sri Lanka,LKA,2006,37973.12
Sri Lanka,LKA,2007,42695.61
Sri Lanka,LKA,2008,40699.29
Sri Lanka,LKA,2009,60340.56
Sri Lanka,LKA,2010,27605.11
Sri Lanka,LKA,2011,33486.754
Sri Lanka,LKA,2012,56455.23
Sri Lanka,LKA,2013,23054.346
Sri Lanka,LKA,2014,24642.818
Sri Lanka,LKA,2015,27519.242
Sri Lanka,LKA,2016,32263.201
Sri Lanka,LKA,2017,2790.564
Sri Lanka,LKA,2018,12514.602
Sri Lanka,LKA,2019,6225.103
Sri Lanka,LKA,2020,1760.2009
Sri Lanka,LKA,2021,4464.9
Sri Lanka,LKA,2022,6074.837
Sri Lanka,LKA,2023,10282.152
Sri Lanka,LKA,2024,1223.5549
Sri Lanka,LKA,2025,5409.4
Sudan,SDN,2002,8279320.5
Sudan,SDN,2003,9404926
Sudan,SDN,2004,9546450
Sudan,SDN,2005,9996998
Sudan,SDN,2006,8250041.5
Sudan,SDN,2007,10559017
Sudan,SDN,2008,8273310.5
Sudan,SDN,2009,8491060
Sudan,SDN,2010,6553422
Sudan,SDN,2011,5738899.5
Sudan,SDN,2012,8250857
Sudan,SDN,2013,7352575
Sudan,SDN,2014,6221302
Sudan,SDN,2015,6317276
Sudan,SDN,2016,6854051.5
Sudan,SDN,2017,6354068.5
Sudan,SDN,2018,5875852
Sudan,SDN,2019,5341717
Sudan,SDN,2020,7369254
Sudan,SDN,2021,6518132
Sudan,SDN,2022,4672411
Sudan,SDN,2023,7933634.5
Sudan,SDN,2024,6395111
Sudan,SDN,2025,9569033
Suriname,SUR,2002,43876.24
Suriname,SUR,2003,35912.395
Suriname,SUR,2004,51883
Suriname,SUR,2005,6160.703
Suriname,SUR,2006,26896.734
Suriname,SUR,2007,4572.231
Suriname,SUR,2008,12922.458
Suriname,SUR,2009,38638.566
Suriname,SUR,2010,5473.7993
Suriname,SUR,2011,20564.303
Suriname,SUR,2012,39132.28
Suriname,SUR,2013,13459.1
Suriname,SUR,2014,39325.473
Suriname,SUR,2015,37436.47
Suriname,SUR,2016,11806.228
Suriname,SUR,2017,22947.012
Suriname,SUR,2018,15798.877
Suriname,SUR,2019,48448.465
Suriname,SUR,2020,27991.49
Suriname,SUR,2021,3198.415
Suriname,SUR,2022,13523.495
Suriname,SUR,2023,43876.234
Suriname,SUR,2024,52784.57
Suriname,SUR,2025,15949.141
Svalbard and Jan Mayen,SJM,2002,0
Svalbard and Jan Mayen,SJM,2003,0
Svalbard and Jan Mayen,SJM,2004,0
Svalbard and Jan Mayen,SJM,2005,0
Svalbard and Jan Mayen,SJM,2006,0
Svalbard and Jan Mayen,SJM,2007,0
Svalbard and Jan Mayen,SJM,2008,0
Svalbard and Jan Mayen,SJM,2009,0
Svalbard and Jan Mayen,SJM,2010,0
Svalbard and Jan Mayen,SJM,2011,0
Svalbard and Jan Mayen,SJM,2012,0
Svalbard and Jan Mayen,SJM,2013,0
Svalbard and Jan Mayen,SJM,2014,0
Svalbard and Jan Mayen,SJM,2015,0
Svalbard and Jan Mayen,SJM,2016,0
Svalbard and Jan Mayen,SJM,2017,0
Svalbard and Jan Mayen,SJM,2018,0
Svalbard and Jan Mayen,SJM,2019,0
Svalbard and Jan Mayen,SJM,2020,0
Svalbard and Jan Mayen,SJM,2021,0
Svalbard and Jan Mayen,SJM,2022,0
Svalbard and Jan Mayen,SJM,2023,0
Svalbard and Jan Mayen,SJM,2024,0
Svalbard and Jan Mayen,SJM,2025,0
Sweden,SWE,2002,300.523
Sweden,SWE,2003,0
Sweden,SWE,2004,42.932
Sweden,SWE,2005,150.261
Sweden,SWE,2006,3348.676
Sweden,SWE,2007,386.386
Sweden,SWE,2008,214.658
Sweden,SWE,2009,42.932
Sweden,SWE,2010,0
Sweden,SWE,2011,0
Sweden,SWE,2012,21.466
Sweden,SWE,2013,0
Sweden,SWE,2014,11827.694
Sweden,SWE,2015,558.113
Sweden,SWE,2016,0
Sweden,SWE,2017,0
Sweden,SWE,2018,14467.996
Sweden,SWE,2019,0
Sweden,SWE,2020,0
Sweden,SWE,2021,0
Sweden,SWE,2022,0
Sweden,SWE,2023,0
Sweden,SWE,2024,0
Sweden,SWE,2025,0
Switzerland,CHE,2002,279.057
Switzerland,CHE,2003,321.989
Switzerland,CHE,2004,0
Switzerland,CHE,2005,21.466
Switzerland,CHE,2006,0
Switzerland,CHE,2007,107.33
Switzerland,CHE,2008,0
Switzerland,CHE,2009,171.727
Switzerland,CHE,2010,0
Switzerland,CHE,2011,0
Switzerland,CHE,2012,0
Switzerland,CHE,2013,0
Switzerland,CHE,2014,708.376
Switzerland,CHE,2015,0
Switzerland,CHE,2016,171.728
Switzerland,CHE,2017,128.796
Switzerland,CHE,2018,21.466
Switzerland,CHE,2019,0
Switzerland,CHE,2020,0
Switzerland,CHE,2021,0
Switzerland,CHE,2022,21.466
Switzerland,CHE,2023,64.397995
Switzerland,CHE,2024,21.466
Switzerland,CHE,2025,0
Syria,SYR,2002,30889.387
Syria,SYR,2003,50723.844
Syria,SYR,2004,25479.986
Syria,SYR,2005,10518.275
Syria,SYR,2006,8822.473
Syria,SYR,2007,14017.215
Syria,SYR,2008,364.92102
Syria,SYR,2009,28270.549
Syria,SYR,2010,40871.01
Syria,SYR,2011,10969.061
Syria,SYR,2012,26038.104
Syria,SYR,2013,61649.977
Syria,SYR,2014,21143.885
Syria,SYR,2015,116001.55
Syria,SYR,2016,29794.627
Syria,SYR,2017,18675.305
Syria,SYR,2018,9122.997
Syria,SYR,2019,734969.8
Syria,SYR,2020,311727.3
Syria,SYR,2021,34817.64
Syria,SYR,2022,12900.991
Syria,SYR,2023,91187.01
Syria,SYR,2024,154275.19
Syria,SYR,2025,38509.77
Taiwan,TWN,2002,21.466
Taiwan,TWN,2003,1438.214
Taiwan,TWN,2004,815.70404
Taiwan,TWN,2005,1352.3501
Taiwan,TWN,2006,0
Taiwan,TWN,2007,0
Taiwan,TWN,2008,1459.68
Taiwan,TWN,2009,1567.01
Taiwan,TWN,2010,343.454
Taiwan,TWN,2011,0
Taiwan,TWN,2012,0
Taiwan,TWN,2013,429.318
Taiwan,TWN,2014,0
Taiwan,TWN,2015,321.988
Taiwan,TWN,2016,128.795
Taiwan,TWN,2017,21.466
Taiwan,TWN,2018,0
Taiwan,TWN,2019,515.181
Taiwan,TWN,2020,0
Taiwan,TWN,2021,880.101
Taiwan,TWN,2022,0
Taiwan,TWN,2023,880.101
Taiwan,TWN,2024,321.988
Taiwan,TWN,2025,107.328995
Tajikistan,TJK,2002,6675.8833
Tajikistan,TJK,2003,18975.828
Tajikistan,TJK,2004,23397.797
Tajikistan,TJK,2005,4958.615
Tajikistan,TJK,2006,7491.589
Tajikistan,TJK,2007,8178.494
Tajikistan,TJK,2008,279.057
Tajikistan,TJK,2009,3005.222
Tajikistan,TJK,2010,4958.616
Tajikistan,TJK,2011,1695.805
Tajikistan,TJK,2012,1824.599
Tajikistan,TJK,2013,9809.902
Tajikistan,TJK,2014,3949.718
Tajikistan,TJK,2015,450.78302
Tajikistan,TJK,2016,1266.4861
Tajikistan,TJK,2017,686.909
Tajikistan,TJK,2018,343.454
Tajikistan,TJK,2019,171.72699
Tajikistan,TJK,2020,2296.847
Tajikistan,TJK,2021,4185.843
Tajikistan,TJK,2022,1073.294
Tajikistan,TJK,2023,193.19301
Tajikistan,TJK,2024,0
Tajikistan,TJK,2025,3434.541
Tanzania,TZA,2002,12700516
Tanzania,TZA,2003,17303872
Tanzania,TZA,2004,14959069
Tanzania,TZA,2005,17581126
Tanzania,TZA,2006,11296069
Tanzania,TZA,2007,15051030
Tanzania,TZA,2008,14147208
Tanzania,TZA,2009,14898214
Tanzania,TZA,2010,15772325
Tanzania,TZA,2011,13067153
Tanzania,TZA,2012,14507856
Tanzania,TZA,2013,12770539
Tanzania,TZA,2014,11262797
Tanzania,TZA,2015,13034934
Tanzania,TZA,2016,12549268
Tanzania,TZA,2017,10215349
Tanzania,TZA,2018,9459449
Tanzania,TZA,2019,10313255
Tanzania,TZA,2020,9874428
Tanzania,TZA,2021,9995817
Tanzania,TZA,2022,8945041
Tanzania,TZA,2023,8240338.5
Tanzania,TZA,2024,8101046.5
Tanzania,TZA,2025,8400109
Thailand,THA,2002,1116998
Thailand,THA,2003,1478332.9
Thailand,THA,2004,2441463.5
Thailand,THA,2005,2124906.2
Thailand,THA,2006,1097657.1
Thailand,THA,2007,2221331
Thailand,THA,2008,1129491
Thailand,THA,2009,1413205.4
Thailand,THA,2010,1361258
Thailand,THA,2011,788355.5
Thailand,THA,2012,1688762.8
Thailand,THA,2013,1215569.1
Thailand,THA,2014,1554987.5
Thailand,THA,2015,1407280.9
Thailand,THA,2016,1388734.4
Thailand,THA,2017,1292417
Thailand,THA,2018,894761.8
Thailand,THA,2019,1864310.6
Thailand,THA,2020,1693957.4
Thailand,THA,2021,892507.9
Thailand,THA,2022,287406.53
Thailand,THA,2023,1111545.6
Thailand,THA,2024,825942.2
Thailand,THA,2025,685083.2
Togo,TGO,2002,1181867.8
Togo,TGO,2003,1245449.6
Togo,TGO,2004,842170.4
Togo,TGO,2005,2141928.8
Togo,TGO,2006,1291086
Togo,TGO,2007,817248.5
Togo,TGO,2008,1125863.2
Togo,TGO,2009,1185173.5
Togo,TGO,2010,946795
Togo,TGO,2011,1745089.1
Togo,TGO,2012,777923.06
Togo,TGO,2013,1064342.1
Togo,TGO,2014,729968.3
Togo,TGO,2015,1382015.5
Togo,TGO,2016,1041502.44
Togo,TGO,2017,947224.3
Togo,TGO,2018,666858.6
Togo,TGO,2019,662951.9
Togo,TGO,2020,975881.25
Togo,TGO,2021,687294.1
Togo,TGO,2022,1058245.8
Togo,TGO,2023,491353.72
Togo,TGO,2024,631311.2
Togo,TGO,2025,422748.78
Tokelau,TKL,2002,0
Tokelau,TKL,2003,0
Tokelau,TKL,2004,0
Tokelau,TKL,2005,0
Tokelau,TKL,2006,0
Tokelau,TKL,2007,0
Tokelau,TKL,2008,0
Tokelau,TKL,2009,0
Tokelau,TKL,2010,0
Tokelau,TKL,2011,0
Tokelau,TKL,2012,0
Tokelau,TKL,2013,0
Tokelau,TKL,2014,0
Tokelau,TKL,2015,0
Tokelau,TKL,2016,0
Tokelau,TKL,2017,0
Tokelau,TKL,2018,0
Tokelau,TKL,2019,0
Tokelau,TKL,2020,0
Tokelau,TKL,2021,0
Tokelau,TKL,2022,0
Tokelau,TKL,2023,0
Tokelau,TKL,2024,0
Tokelau,TKL,2025,0
Tonga,TON,2002,0
Tonga,TON,2003,0
Tonga,TON,2004,0
Tonga,TON,2005,0
Tonga,TON,2006,0
Tonga,TON,2007,0
Tonga,TON,2008,0
Tonga,TON,2009,0
Tonga,TON,2010,0
Tonga,TON,2011,0
Tonga,TON,2012,0
Tonga,TON,2013,0
Tonga,TON,2014,0
Tonga,TON,2015,0
Tonga,TON,2016,0
Tonga,TON,2017,0
Tonga,TON,2018,0
Tonga,TON,2019,0
Tonga,TON,2020,0
Tonga,TON,2021,0
Tonga,TON,2022,0
Tonga,TON,2023,0
Tonga,TON,2024,0
Tonga,TON,2025,0
Trinidad and Tobago,TTO,2002,0
Trinidad and Tobago,TTO,2003,2017.793
Trinidad and Tobago,TTO,2004,450.785
Trinidad and Tobago,TTO,2005,1373.816
Trinidad and Tobago,TTO,2006,1223.554
Trinidad and Tobago,TTO,2007,1631.407
Trinidad and Tobago,TTO,2008,686.909
Trinidad and Tobago,TTO,2009,643.976
Trinidad and Tobago,TTO,2010,6525.627
Trinidad and Tobago,TTO,2011,0
Trinidad and Tobago,TTO,2012,42.932
Trinidad and Tobago,TTO,2013,1352.351
Trinidad and Tobago,TTO,2014,1309.418
Trinidad and Tobago,TTO,2015,1030.3629
Trinidad and Tobago,TTO,2016,3928.2568
Trinidad and Tobago,TTO,2017,1073.293
Trinidad and Tobago,TTO,2018,150.261
Trinidad and Tobago,TTO,2019,643.977
Trinidad and Tobago,TTO,2020,1202.089
Trinidad and Tobago,TTO,2021,193.193
Trinidad and Tobago,TTO,2022,21.466
Trinidad and Tobago,TTO,2023,1373.817
Trinidad and Tobago,TTO,2024,4443.437
Trinidad and Tobago,TTO,2025,536.647
Tunisia,TUN,2002,1588.476
Tunisia,TUN,2003,1910.4629
Tunisia,TUN,2004,2661.768
Tunisia,TUN,2005,407.851
Tunisia,TUN,2006,450.783
Tunisia,TUN,2007,1438.214
Tunisia,TUN,2008,837.169
Tunisia,TUN,2009,1330.8849
Tunisia,TUN,2010,4529.297
Tunisia,TUN,2011,6611.488
Tunisia,TUN,2012,8886.872
Tunisia,TUN,2013,14017.212
Tunisia,TUN,2014,20778.96
Tunisia,TUN,2015,7040.805
Tunisia,TUN,2016,5473.798
Tunisia,TUN,2017,17172.693
Tunisia,TUN,2018,944.498
Tunisia,TUN,2019,6461.226
Tunisia,TUN,2020,18932.896
Tunisia,TUN,2021,25544.383
Tunisia,TUN,2022,8221.428
Tunisia,TUN,2023,4808.354
Tunisia,TUN,2024,429.32
Tunisia,TUN,2025,6139.2393
Turkey,TUR,2002,391515.94
Turkey,TUR,2003,346158.6
Turkey,TUR,2004,408388.16
Turkey,TUR,2005,402549.44
Turkey,TUR,2006,582626.56
Turkey,TUR,2007,406627.94
Turkey,TUR,2008,243358.55
Turkey,TUR,2009,1326955.5
Turkey,TUR,2010,790545
Turkey,TUR,2011,980474.94
Turkey,TUR,2012,278111.78
Turkey,TUR,2013,611605.5
Turkey,TUR,2014,361334.94
Turkey,TUR,2015,990671.25
Turkey,TUR,2016,804261.7
Turkey,TUR,2017,483819.2
Turkey,TUR,2018,329629.88
Turkey,TUR,2019,401905.44
Turkey,TUR,2020,485343.28
Turkey,TUR,2021,648805.9
Turkey,TUR,2022,336756.53
Turkey,TUR,2023,458317.75
Turkey,TUR,2024,546821.5
Turkey,TUR,2025,427965.03
Turkmenistan,TKM,2002,101104.234
Turkmenistan,TKM,2003,387437.44
Turkmenistan,TKM,2004,268924.38
Turkmenistan,TKM,2005,153588.28
Turkmenistan,TKM,2006,74486.555
Turkmenistan,TKM,2007,183619.03
Turkmenistan,TKM,2008,27862.697
Turkmenistan,TKM,2009,88804.3
Turkmenistan,TKM,2010,292536.8
Turkmenistan,TKM,2011,31640.691
Turkmenistan,TKM,2012,89426.81
Turkmenistan,TKM,2013,98549.8
Turkmenistan,TKM,2014,190058.8
Turkmenistan,TKM,2015,122720.35
Turkmenistan,TKM,2016,135449.62
Turkmenistan,TKM,2017,63860.957
Turkmenistan,TKM,2018,33744.348
Turkmenistan,TKM,2019,358651.72
Turkmenistan,TKM,2020,208970.22
Turkmenistan,TKM,2021,63667.766
Turkmenistan,TKM,2022,15820.345
Turkmenistan,TKM,2023,22839.684
Turkmenistan,TKM,2024,15605.687
Turkmenistan,TKM,2025,60512.277
Turks and Caicos Islands,TCA,2002,0
Turks and Caicos Islands,TCA,2003,0
Turks and Caicos Islands,TCA,2004,0
Turks and Caicos Islands,TCA,2005,0
Turks and Caicos Islands,TCA,2006,0
Turks and Caicos Islands,TCA,2007,0
Turks and Caicos Islands,TCA,2008,0
Turks and Caicos Islands,TCA,2009,429.318
Turks and Caicos Islands,TCA,2010,0
Turks and Caicos Islands,TCA,2011,0
Turks and Caicos Islands,TCA,2012,0
Turks and Caicos Islands,TCA,2013,0
Turks and Caicos Islands,TCA,2014,0
Turks and Caicos Islands,TCA,2015,0
Turks and Caicos Islands,TCA,2016,0
Turks and Caicos Islands,TCA,2017,0
Turks and Caicos Islands,TCA,2018,0
Turks and Caicos Islands,TCA,2019,0
Turks and Caicos Islands,TCA,2020,0
Turks and Caicos Islands,TCA,2021,0
Turks and Caicos Islands,TCA,2022,0
Turks and Caicos Islands,TCA,2023,0
Turks and Caicos Islands,TCA,2024,0
Turks and Caicos Islands,TCA,2025,0
Tuvalu,TUV,2002,0
Tuvalu,TUV,2003,0
Tuvalu,TUV,2004,0
Tuvalu,TUV,2005,0
Tuvalu,TUV,2006,0
Tuvalu,TUV,2007,0
Tuvalu,TUV,2008,0
Tuvalu,TUV,2009,0
Tuvalu,TUV,2010,0
Tuvalu,TUV,2011,0
Tuvalu,TUV,2012,0
Tuvalu,TUV,2013,0
Tuvalu,TUV,2014,0
Tuvalu,TUV,2015,0
Tuvalu,TUV,2016,0
Tuvalu,TUV,2017,0
Tuvalu,TUV,2018,0
Tuvalu,TUV,2019,0
Tuvalu,TUV,2020,0
Tuvalu,TUV,2021,0
Tuvalu,TUV,2022,0
Tuvalu,TUV,2023,0
Tuvalu,TUV,2024,0
Tuvalu,TUV,2025,0
Uganda,UGA,2002,2709937
Uganda,UGA,2003,4437059
Uganda,UGA,2004,3181692.5
Uganda,UGA,2005,5580718
Uganda,UGA,2006,1027334.94
Uganda,UGA,2007,4496455.5
Uganda,UGA,2008,3350972.2
Uganda,UGA,2009,1911793.1
Uganda,UGA,2010,3307739.8
Uganda,UGA,2011,1758591.1
Uganda,UGA,2012,3511150.5
Uganda,UGA,2013,2683641.2
Uganda,UGA,2014,2141907.2
Uganda,UGA,2015,2435732
Uganda,UGA,2016,3523944.2
Uganda,UGA,2017,2459215.8
Uganda,UGA,2018,2180803.2
Uganda,UGA,2019,1019607.25
Uganda,UGA,2020,2579167
Uganda,UGA,2021,2528335.8
Uganda,UGA,2022,1985013.2
Uganda,UGA,2023,1920465.4
Uganda,UGA,2024,1668949.8
Uganda,UGA,2025,1801329.8
Ukraine,UKR,2002,2185762
Ukraine,UKR,2003,460142.34
Ukraine,UKR,2004,1141018.2
Ukraine,UKR,2005,2993307.8
Ukraine,UKR,2006,1717419.6
Ukraine,UKR,2007,2387047.5
Ukraine,UKR,2008,4552588.5
Ukraine,UKR,2009,2447044.5
Ukraine,UKR,2010,1280761
Ukraine,UKR,2011,1250258
Ukraine,UKR,2012,663338.25
Ukraine,UKR,2013,710412.9
Ukraine,UKR,2014,2854123.2
Ukraine,UKR,2015,2643500.2
Ukraine,UKR,2016,1528584.5
Ukraine,UKR,2017,2452904.8
Ukraine,UKR,2018,1118264.4
Ukraine,UKR,2019,2098159.8
Ukraine,UKR,2020,1223769.1
Ukraine,UKR,2021,618023.8
Ukraine,UKR,2022,832424.9
Ukraine,UKR,2023,614846.9
Ukraine,UKR,2024,1248411.9
Ukraine,UKR,2025,1193437.9
United Arab Emirates,ARE,2002,0
United Arab Emirates,ARE,2003,0
United Arab Emirates,ARE,2004,0
United Arab Emirates,ARE,2005,0
United Arab Emirates,ARE,2006,0
United Arab Emirates,ARE,2007,0
United Arab Emirates,ARE,2008,0
United Arab Emirates,ARE,2009,0
United Arab Emirates,ARE,2010,0
United Arab Emirates,ARE,2011,0
United Arab Emirates,ARE,2012,0
United Arab Emirates,ARE,2013,0
United Arab Emirates,ARE,2014,0
United Arab Emirates,ARE,2015,0
United Arab Emirates,ARE,2016,0
United Arab Emirates,ARE,2017,0
United Arab Emirates,ARE,2018,0
United Arab Emirates,ARE,2019,0
United Arab Emirates,ARE,2020,0
United Arab Emirates,ARE,2021,0
United Arab Emirates,ARE,2022,0
United Arab Emirates,ARE,2023,0
United Arab Emirates,ARE,2024,0
United Arab Emirates,ARE,2025,0
United Kingdom,GBR,2002,0
United Kingdom,GBR,2003,21981.05
United Kingdom,GBR,2004,493.715
United Kingdom,GBR,2005,2189.519
United Kingdom,GBR,2006,5409.399
United Kingdom,GBR,2007,15069.04
United Kingdom,GBR,2008,0
United Kingdom,GBR,2009,1953.394
United Kingdom,GBR,2010,3777.9941
United Kingdom,GBR,2011,6418.297
United Kingdom,GBR,2012,5838.7163
United Kingdom,GBR,2013,0
United Kingdom,GBR,2014,0
United Kingdom,GBR,2015,3284.279
United Kingdom,GBR,2016,643.976
United Kingdom,GBR,2017,923.033
United Kingdom,GBR,2018,6740.286
United Kingdom,GBR,2019,14661.1875
United Kingdom,GBR,2020,3777.9949
United Kingdom,GBR,2021,0
United Kingdom,GBR,2022,7384.261
United Kingdom,GBR,2023,2769.097
United Kingdom,GBR,2024,0
United Kingdom,GBR,2025,18696.771
United States,USA,2002,2457777.5
United States,USA,2003,2814411.5
United States,USA,2004,3961182.5
United States,USA,2005,4276022.5
United States,USA,2006,3760197.5
United States,USA,2007,4031740.8
United States,USA,2008,2832829
United States,USA,2009,3075286
United States,USA,2010,2423646.8
United States,USA,2011,4303670.5
United States,USA,2012,3692923.5
United States,USA,2013,2131947
United States,USA,2014,2364379.5
United States,USA,2015,4087809.5
United States,USA,2016,2966175
United States,USA,2017,3909406.8
United States,USA,2018,3697839.2
United States,USA,2019,2792301.5
United States,USA,2020,4960569
United States,USA,2021,3848787.2
United States,USA,2022,3468819.8
United States,USA,2023,2009677.5
United States,USA,2024,3812745.8
United States,USA,2025,2560985.5
United States Minor Outlying Islands,UMI,2002,0
United States Minor Outlying Islands,UMI,2003,0
United States Minor Outlying Islands,UMI,2004,0
United States Minor Outlying Islands,UMI,2005,0
United States Minor Outlying Islands,UMI,2006,0
United States Minor Outlying Islands,UMI,2007,0
United States Minor Outlying Islands,UMI,2008,0
United States Minor Outlying Islands,UMI,2009,0
United States Minor Outlying Islands,UMI,2010,0
United States Minor Outlying Islands,UMI,2011,0
United States Minor Outlying Islands,UMI,2012,0
United States Minor Outlying Islands,UMI,2013,0
United States Minor Outlying Islands,UMI,2014,0
United States Minor Outlying Islands,UMI,2015,0
United States Minor Outlying Islands,UMI,2016,0
United States Minor Outlying Islands,UMI,2017,0
United States Minor Outlying Islands,UMI,2018,0
United States Minor Outlying Islands,UMI,2019,0
United States Minor Outlying Islands,UMI,2020,0
United States Minor Outlying Islands,UMI,2021,0
United States Minor Outlying Islands,UMI,2022,0
United States Minor Outlying Islands,UMI,2023,0
United States Minor Outlying Islands,UMI,2024,0
United States Minor Outlying Islands,UMI,2025,0
United States Virgin Islands,VIR,2002,0
United States Virgin Islands,VIR,2003,0
United States Virgin Islands,VIR,2004,0
United States Virgin Islands,VIR,2005,0
United States Virgin Islands,VIR,2006,0
United States Virgin Islands,VIR,2007,0
United States Virgin Islands,VIR,2008,0
United States Virgin Islands,VIR,2009,0
United States Virgin Islands,VIR,2010,0
United States Virgin Islands,VIR,2011,0
United States Virgin Islands,VIR,2012,0
United States Virgin Islands,VIR,2013,0
United States Virgin Islands,VIR,2014,0
United States Virgin Islands,VIR,2015,0
United States Virgin Islands,VIR,2016,0
United States Virgin Islands,VIR,2017,0
United States Virgin Islands,VIR,2018,0
United States Virgin Islands,VIR,2019,0
United States Virgin Islands,VIR,2020,0
United States Virgin Islands,VIR,2021,0
United States Virgin Islands,VIR,2022,0
United States Virgin Islands,VIR,2023,0
United States Virgin Islands,VIR,2024,42.932
United States Virgin Islands,VIR,2025,0
Uruguay,URY,2002,30073.695
Uruguay,URY,2003,37114.5
Uruguay,URY,2004,49607.633
Uruguay,URY,2005,34495.656
Uruguay,URY,2006,24342.303
Uruguay,URY,2007,22667.967
Uruguay,URY,2008,46216.023
Uruguay,URY,2009,29837.572
Uruguay,URY,2010,35697.742
Uruguay,URY,2011,22431.842
Uruguay,URY,2012,35590.414
Uruguay,URY,2013,15433.966
Uruguay,URY,2014,7641.857
Uruguay,URY,2015,32327.607
Uruguay,URY,2016,17022.44
Uruguay,URY,2017,14811.458
Uruguay,URY,2018,15949.154
Uruguay,URY,2019,24063.246
Uruguay,URY,2020,32821.332
Uruguay,URY,2021,25093.607
Uruguay,URY,2022,39776.254
Uruguay,URY,2023,21573.205
Uruguay,URY,2024,7577.456
Uruguay,URY,2025,24299.371
Uzbekistan,UZB,2002,29665.832
Uzbekistan,UZB,2003,56390.832
Uzbekistan,UZB,2004,63882.42
Uzbekistan,UZB,2005,71524.27
Uzbekistan,UZB,2006,47267.84
Uzbekistan,UZB,2007,35955.324
Uzbekistan,UZB,2008,42008.707
Uzbekistan,UZB,2009,54995.55
Uzbekistan,UZB,2010,5817.253
Uzbekistan,UZB,2011,39947.98
Uzbekistan,UZB,2012,72533.164
Uzbekistan,UZB,2013,53149.49
Uzbekistan,UZB,2014,69978.73
Uzbekistan,UZB,2015,42051.637
Uzbekistan,UZB,2016,32155.87
Uzbekistan,UZB,2017,40506.094
Uzbekistan,UZB,2018,82235.734
Uzbekistan,UZB,2019,58086.637
Uzbekistan,UZB,2020,42867.336
Uzbekistan,UZB,2021,88825.76
Uzbekistan,UZB,2022,28742.795
Uzbekistan,UZB,2023,28077.354
Uzbekistan,UZB,2024,5774.319
Uzbekistan,UZB,2025,21165.348
Vanuatu,VUT,2002,0
Vanuatu,VUT,2003,923.03296
Vanuatu,VUT,2004,0
Vanuatu,VUT,2005,558.113
Vanuatu,VUT,2006,0
Vanuatu,VUT,2007,0
Vanuatu,VUT,2008,0
Vanuatu,VUT,2009,0
Vanuatu,VUT,2010,0
Vanuatu,VUT,2011,0
Vanuatu,VUT,2012,0
Vanuatu,VUT,2013,0
Vanuatu,VUT,2014,0
Vanuatu,VUT,2015,772.771
Vanuatu,VUT,2016,0
Vanuatu,VUT,2017,2554.438
Vanuatu,VUT,2018,0
Vanuatu,VUT,2019,0
Vanuatu,VUT,2020,0
Vanuatu,VUT,2021,0
Vanuatu,VUT,2022,0
Vanuatu,VUT,2023,0
Vanuatu,VUT,2024,0
Vanuatu,VUT,2025,0
Venezuela,VEN,2002,1789609.4
Venezuela,VEN,2003,3474121.8
Venezuela,VEN,2004,2521509.5
Venezuela,VEN,2005,3000262.8
Venezuela,VEN,2006,2637661.5
Venezuela,VEN,2007,2975641.5
Venezuela,VEN,2008,2590651
Venezuela,VEN,2009,2753341
Venezuela,VEN,2010,2619801.8
Venezuela,VEN,2011,1594398.8
Venezuela,VEN,2012,1781259.2
Venezuela,VEN,2013,2612009.8
Venezuela,VEN,2014,2866788
Venezuela,VEN,2015,2393787.8
Venezuela,VEN,2016,2627121.5
Venezuela,VEN,2017,2257758.5
Venezuela,VEN,2018,3221468.8
Venezuela,VEN,2019,3537639.2
Venezuela,VEN,2020,4604708
Venezuela,VEN,2021,2358841.2
Venezuela,VEN,2022,3144620.8
Venezuela,VEN,2023,3353333.5
Venezuela,VEN,2024,5172587
Venezuela,VEN,2025,2916395.8
Vietnam,VNM,2002,414699.1
Vietnam,VNM,2003,868594.9
Vietnam,VNM,2004,1035255.9
Vietnam,VNM,2005,1055305
Vietnam,VNM,2006,510222.25
Vietnam,VNM,2007,1078402.2
Vietnam,VNM,2008,733188.2
Vietnam,VNM,2009,754976.06
Vietnam,VNM,2010,1246115.1
Vietnam,VNM,2011,664518.9
Vietnam,VNM,2012,1114164.4
Vietnam,VNM,2013,1049444.9
Vietnam,VNM,2014,1168988.2
Vietnam,VNM,2015,1432546.1
Vietnam,VNM,2016,1168558.9
Vietnam,VNM,2017,583334.94
Vietnam,VNM,2018,782774.4
Vietnam,VNM,2019,975215.8
Vietnam,VNM,2020,1076792.2
Vietnam,VNM,2021,689397.9
Vietnam,VNM,2022,286182.94
Vietnam,VNM,2023,843029.06
Vietnam,VNM,2024,956261.5
Vietnam,VNM,2025,690621.4
Wallis and Futuna,WLF,2002,0
Wallis and Futuna,WLF,2003,0
Wallis and Futuna,WLF,2004,0
Wallis and Futuna,WLF,2005,0
Wallis and Futuna,WLF,2006,0
Wallis and Futuna,WLF,2007,0
Wallis and Futuna,WLF,2008,0
Wallis and Futuna,WLF,2009,0
Wallis and Futuna,WLF,2010,0
Wallis and Futuna,WLF,2011,0
Wallis and Futuna,WLF,2012,0
Wallis and Futuna,WLF,2013,0
Wallis and Futuna,WLF,2014,0
Wallis and Futuna,WLF,2015,0
Wallis and Futuna,WLF,2016,0
Wallis and Futuna,WLF,2017,0
Wallis and Futuna,WLF,2018,0
Wallis and Futuna,WLF,2019,0
Wallis and Futuna,WLF,2020,0
Wallis and Futuna,WLF,2021,0
Wallis and Futuna,WLF,2022,0
Wallis and Futuna,WLF,2023,0
Wallis and Futuna,WLF,2024,0
Wallis and Futuna,WLF,2025,0
Western Sahara,ESH,2002,0
Western Sahara,ESH,2003,0
Western Sahara,ESH,2004,0
Western Sahara,ESH,2005,0
Western Sahara,ESH,2006,0
Western Sahara,ESH,2007,0
Western Sahara,ESH,2008,0
Western Sahara,ESH,2009,0
Western Sahara,ESH,2010,0
Western Sahara,ESH,2011,0
Western Sahara,ESH,2012,0
Western Sahara,ESH,2013,0
Western Sahara,ESH,2014,0
Western Sahara,ESH,2015,0
Western Sahara,ESH,2016,0
Western Sahara,ESH,2017,0
Western Sahara,ESH,2018,0
Western Sahara,ESH,2019,0
Western Sahara,ESH,2020,0
Western Sahara,ESH,2021,0
Western Sahara,ESH,2022,0
Western Sahara,ESH,2023,0
Western Sahara,ESH,2024,0
Western Sahara,ESH,2025,0
World,OWID_WRL,2002,463548770
World,OWID_WRL,2003,438099900
World,OWID_WRL,2004,460854100
World,OWID_WRL,2005,457014000
World,OWID_WRL,2006,430843680
World,OWID_WRL,2007,463521200
World,OWID_WRL,2008,423634600
World,OWID_WRL,2009,381683420
World,OWID_WRL,2010,416137900
World,OWID_WRL,2011,458679460
World,OWID_WRL,2012,454327260
World,OWID_WRL,2013,355898560
World,OWID_WRL,2014,381295360
World,OWID_WRL,2015,384747070
World,OWID_WRL,2016,365519100
World,OWID_WRL,2017,387382800
World,OWID_WRL,2018,353846850
World,OWID_WRL,2019,345058140
World,OWID_WRL,2020,349739870
World,OWID_WRL,2021,352469440
World,OWID_WRL,2022,330531500
World,OWID_WRL,2023,383488350
World,OWID_WRL,2024,365745700
World,OWID_WRL,2025,332928200
Yemen,YEM,2002,0
Yemen,YEM,2003,0
Yemen,YEM,2004,0
Yemen,YEM,2005,0
Yemen,YEM,2006,0
Yemen,YEM,2007,21.466
Yemen,YEM,2008,0
Yemen,YEM,2009,0
Yemen,YEM,2010,0
Yemen,YEM,2011,0
Yemen,YEM,2012,0
Yemen,YEM,2013,107.329
Yemen,YEM,2014,42.932
Yemen,YEM,2015,0
Yemen,YEM,2016,64.398
Yemen,YEM,2017,0
Yemen,YEM,2018,0
Yemen,YEM,2019,0
Yemen,YEM,2020,0
Yemen,YEM,2021,85.864
Yemen,YEM,2022,364.92
Yemen,YEM,2023,321.989
Yemen,YEM,2024,64.398
Yemen,YEM,2025,708.374
Zambia,ZMB,2002,21870906
Zambia,ZMB,2003,25223768
Zambia,ZMB,2004,25136552
Zambia,ZMB,2005,26339480
Zambia,ZMB,2006,22127080
Zambia,ZMB,2007,23825416
Zambia,ZMB,2008,24461644
Zambia,ZMB,2009,20566340
Zambia,ZMB,2010,23725644
Zambia,ZMB,2011,23044532
Zambia,ZMB,2012,24049950
Zambia,ZMB,2013,24261496
Zambia,ZMB,2014,23129214
Zambia,ZMB,2015,24622122
Zambia,ZMB,2016,24121044
Zambia,ZMB,2017,21602926
Zambia,ZMB,2018,21586012
Zambia,ZMB,2019,22762534
Zambia,ZMB,2020,20849582
Zambia,ZMB,2021,20345692
Zambia,ZMB,2022,22253686
Zambia,ZMB,2023,20071766
Zambia,ZMB,2024,22148804
Zambia,ZMB,2025,22771314
Zimbabwe,ZWE,2002,2352809.2
Zimbabwe,ZWE,2003,2614478.2
Zimbabwe,ZWE,2004,3552236.2
Zimbabwe,ZWE,2005,3338264.2
Zimbabwe,ZWE,2006,3112121.5
Zimbabwe,ZWE,2007,3916061.2
Zimbabwe,ZWE,2008,4479776.5
Zimbabwe,ZWE,2009,4483296.5
Zimbabwe,ZWE,2010,4720344
Zimbabwe,ZWE,2011,4664404
Zimbabwe,ZWE,2012,3745214.2
Zimbabwe,ZWE,2013,2874301
Zimbabwe,ZWE,2014,3104565.5
Zimbabwe,ZWE,2015,3816674.2
Zimbabwe,ZWE,2016,2275167.2
Zimbabwe,ZWE,2017,2523312.8
Zimbabwe,ZWE,2018,2636266
Zimbabwe,ZWE,2019,2569958
Zimbabwe,ZWE,2020,999880.1
Zimbabwe,ZWE,2021,1809529.8
Zimbabwe,ZWE,2022,2796938.2
Zimbabwe,ZWE,2023,2172818
Zimbabwe,ZWE,2024,1337023
Zimbabwe,ZWE,2025,1316566